symbol,date,prev_close,today_open,gap_pct,gap_dir,daily_atr
ADANIENT,2026-07-14,3177.5,3158.0,0.614,DOWN,96.036
ADANIENT,2026-07-15,3186.0,3196.0,0.314,UP,94.383
ADANIENT,2026-07-21,3180.0,3199.0,0.597,UP,82.858
ADANIENT,2026-07-22,3182.7,3172.4,0.324,DOWN,79.511
ADANIENT,2026-07-23,3148.0,3126.7,0.677,DOWN,78.31
ADANIENT,2026-07-24,3014.0,3028.3,0.474,UP,83.145
ADANIENT,2026-07-27,3033.4,3043.0,0.316,UP,80.656
ADANIENT,2026-07-28,3034.9,3013.2,0.715,DOWN,77.574
ADANIENT,2026-07-29,3002.8,3014.8,0.4,UP,74.79
ADANIENT,2026-08-03,3005.1,3043.5,1.278,UP,72.122
ADANIENT,2026-08-04,3068.0,3077.2,0.3,UP,71.992
ADANIENT,2026-08-05,3050.0,3069.0,0.623,UP,71.799
ADANIENT,2026-08-10,3020.0,3007.4,0.417,DOWN,65.97
ADANIENT,2026-08-11,3010.0,3024.0,0.465,UP,64.765
ADANIENT,2026-08-13,2985.7,3013.4,0.928,UP,63.4
ADANIENT,2026-08-18,3007.3,3015.8,0.283,UP,64.636
ADANIENT,2026-08-21,2994.9,3002.5,0.254,UP,58.425
ADANIENT,2026-08-24,2997.0,3005.8,0.294,UP,55.967
ADANIENT,2026-08-25,2981.7,2990.8,0.305,UP,55.233
ADANIENT,2026-08-26,3110.0,3096.8,0.424,DOWN,61.767
ADANIENT,2026-08-27,3112.0,3143.3,1.006,UP,62.512
ADANIENT,2026-08-28,3159.3,3135.8,0.744,DOWN,62.118
ADANIENT,2026-08-31,3168.5,3101.7,2.108,DOWN,60.053
ADANIENT,2026-09-01,2859.1,2914.5,1.938,UP,77.863
ADANIENT,2026-09-02,2863.9,2855.0,0.311,DOWN,79.187
ADANIENT,2026-09-03,2891.8,2901.2,0.325,UP,78.402
ADANIENT,2026-09-08,2950.0,2927.4,0.766,DOWN,72.982
ADANIENT,2026-09-09,2953.1,2983.0,1.012,UP,70.734
ADANIENT,2026-09-10,3104.7,3086.0,0.602,DOWN,79.153
ADANIENT,2026-09-11,3077.2,3014.9,2.025,DOWN,78.042
ADANIPORTS,2026-07-14,1810.0,1820.2,0.564,UP,41.014
ADANIPORTS,2026-07-15,1818.1,1826.0,0.435,UP,40.27
ADANIPORTS,2026-07-16,1830.6,1824.6,0.328,DOWN,38.844
ADANIPORTS,2026-07-20,1837.4,1832.1,0.288,DOWN,37.738
ADANIPORTS,2026-07-22,1846.2,1835.4,0.585,DOWN,35.624
ADANIPORTS,2026-07-23,1819.4,1811.0,0.462,DOWN,35.308
ADANIPORTS,2026-07-24,1780.0,1773.5,0.365,DOWN,36.786
ADANIPORTS,2026-07-28,1770.4,1765.0,0.305,DOWN,35.067
ADANIPORTS,2026-07-30,1722.0,1677.5,2.584,DOWN,37.579
ADANIPORTS,2026-08-03,1691.0,1707.6,0.982,UP,40.045
ADANIPORTS,2026-08-04,1701.0,1711.3,0.606,UP,38.806
ADANIPORTS,2026-08-05,1706.7,1702.0,0.275,DOWN,37.72
ADANIPORTS,2026-08-10,1693.5,1683.7,0.579,DOWN,34.373
ADANIPORTS,2026-08-11,1681.0,1685.7,0.28,UP,33.339
ADANIPORTS,2026-08-14,1658.0,1666.2,0.495,UP,32.04
ADANIPORTS,2026-08-17,1700.0,1688.3,0.688,DOWN,32.751
ADANIPORTS,2026-08-18,1691.0,1684.0,0.414,DOWN,31.976
ADANIPORTS,2026-08-24,1700.0,1695.0,0.294,DOWN,28.175
ADANIPORTS,2026-08-25,1672.1,1682.0,0.592,UP,28.155
ADANIPORTS,2026-08-27,1691.5,1697.3,0.343,UP,28.299
ADANIPORTS,2026-08-28,1714.0,1703.9,0.589,DOWN,28.249
ADANIPORTS,2026-08-31,1707.5,1682.8,1.447,DOWN,27.881
ADANIPORTS,2026-09-01,1593.1,1638.2,2.831,UP,34.061
ADANIPORTS,2026-09-03,1672.7,1691.1,1.1,UP,35.88
ADANIPORTS,2026-09-04,1706.5,1699.0,0.439,DOWN,36.031
ADANIPORTS,2026-09-10,1775.0,1762.0,0.732,DOWN,36.022
ADANIPORTS,2026-09-11,1768.0,1754.0,0.792,DOWN,35.113
APOLLOHOSP,2026-07-14,8787.0,8833.0,0.524,UP,134.857
APOLLOHOSP,2026-07-15,8900.5,8965.0,0.725,UP,134.689
APOLLOHOSP,2026-07-17,8888.0,8864.5,0.264,DOWN,128.938
APOLLOHOSP,2026-07-20,8826.0,8882.5,0.64,UP,127.3
APOLLOHOSP,2026-07-22,8926.5,8900.0,0.297,DOWN,123.09
APOLLOHOSP,2026-07-23,8922.5,8900.0,0.252,DOWN,119.584
APOLLOHOSP,2026-07-29,8903.0,8944.5,0.466,UP,114.627
APOLLOHOSP,2026-07-31,8959.5,9025.5,0.737,UP,109.791
APOLLOHOSP,2026-08-05,9050.0,8861.0,2.088,DOWN,123.739
APOLLOHOSP,2026-08-06,8910.0,8944.5,0.387,UP,131.186
APOLLOHOSP,2026-08-12,8750.5,8685.0,0.749,DOWN,134.127
APOLLOHOSP,2026-08-13,8597.0,8700.0,1.198,UP,141.904
APOLLOHOSP,2026-08-14,8600.0,8675.0,0.872,UP,148.196
APOLLOHOSP,2026-08-17,8920.5,8946.5,0.291,UP,160.575
APOLLOHOSP,2026-08-19,8817.0,8774.5,0.482,DOWN,157.297
APOLLOHOSP,2026-08-21,8735.0,8686.0,0.561,DOWN,150.81
APOLLOHOSP,2026-08-24,8693.0,8613.0,0.92,DOWN,146.395
APOLLOHOSP,2026-08-26,8889.0,8794.5,1.063,DOWN,149.366
APOLLOHOSP,2026-08-27,8766.5,8827.5,0.696,UP,147.447
APOLLOHOSP,2026-08-28,8800.0,8836.5,0.415,UP,143.272
APOLLOHOSP,2026-09-01,8898.5,8798.5,1.124,DOWN,136.821
APOLLOHOSP,2026-09-02,8755.0,8721.5,0.383,DOWN,140.727
APOLLOHOSP,2026-09-03,8719.0,8679.0,0.459,DOWN,138.818
APOLLOHOSP,2026-09-04,8692.0,8715.5,0.27,UP,137.938
APOLLOHOSP,2026-09-07,8650.0,8677.5,0.318,UP,133.121
APOLLOHOSP,2026-09-08,8760.0,8799.5,0.451,UP,136.791
APOLLOHOSP,2026-09-11,8900.0,8857.5,0.478,DOWN,133.997
ASIANPAINT,2026-07-14,2652.1,2631.4,0.781,DOWN,48.75
ASIANPAINT,2026-07-15,2640.0,2654.1,0.534,UP,46.982
ASIANPAINT,2026-07-16,2671.0,2683.3,0.461,UP,46.769
ASIANPAINT,2026-07-17,2663.5,2682.5,0.713,UP,45.543
ASIANPAINT,2026-07-21,2688.0,2697.9,0.368,UP,44.662
ASIANPAINT,2026-07-22,2697.0,2690.0,0.26,DOWN,44.293
ASIANPAINT,2026-07-23,2692.8,2679.7,0.486,DOWN,43.508
ASIANPAINT,2026-07-24,2668.8,2649.5,0.723,DOWN,43.029
ASIANPAINT,2026-07-27,2639.5,2698.1,2.22,UP,42.727
ASIANPAINT,2026-07-29,2737.0,2724.1,0.471,DOWN,45.22
ASIANPAINT,2026-07-30,2758.4,2688.4,2.538,DOWN,52.233
ASIANPAINT,2026-07-31,2746.2,2756.9,0.39,UP,55.452
ASIANPAINT,2026-08-03,2747.3,2774.1,0.976,UP,53.455
ASIANPAINT,2026-08-04,2810.0,2788.1,0.779,DOWN,54.116
ASIANPAINT,2026-08-05,2775.0,2767.5,0.27,DOWN,55.765
ASIANPAINT,2026-08-06,2760.0,2778.0,0.652,UP,53.653
ASIANPAINT,2026-08-07,2755.0,2735.2,0.719,DOWN,52.485
ASIANPAINT,2026-08-13,2740.0,2723.9,0.588,DOWN,50.185
ASIANPAINT,2026-08-14,2755.5,2736.3,0.697,DOWN,48.929
ASIANPAINT,2026-08-18,2687.5,2655.0,1.209,DOWN,47.907
ASIANPAINT,2026-08-19,2628.4,2617.8,0.403,DOWN,49.985
ASIANPAINT,2026-08-26,2639.8,2668.4,1.083,UP,43.11
ASIANPAINT,2026-08-27,2626.5,2642.1,0.594,UP,43.459
ASIANPAINT,2026-08-31,2608.7,2567.8,1.568,DOWN,42.999
ASIANPAINT,2026-09-01,2653.6,2594.3,2.235,DOWN,46.242
ASIANPAINT,2026-09-02,2575.5,2535.0,1.573,DOWN,50.139
ASIANPAINT,2026-09-07,2527.3,2519.0,0.328,DOWN,48.403
ASIANPAINT,2026-09-08,2500.9,2491.2,0.388,DOWN,47.61
ASIANPAINT,2026-09-09,2481.6,2473.9,0.31,DOWN,46.102
ASIANPAINT,2026-09-10,2489.0,2476.4,0.506,DOWN,45.009
ASIANPAINT,2026-09-11,2498.1,2467.4,1.229,DOWN,43.894
AXISBANK,2026-07-14,1321.2,1317.0,0.318,DOWN,27.421
AXISBANK,2026-07-15,1318.5,1326.0,0.569,UP,27.213
AXISBANK,2026-07-16,1312.3,1305.8,0.495,DOWN,28.44
AXISBANK,2026-07-17,1307.6,1311.7,0.314,UP,27.33
AXISBANK,2026-07-22,1258.2,1244.0,1.129,DOWN,30.388
AXISBANK,2026-07-23,1238.4,1233.1,0.428,DOWN,30.196
AXISBANK,2026-07-29,1223.3,1220.2,0.253,DOWN,26.488
AXISBANK,2026-07-30,1235.8,1226.9,0.72,DOWN,26.196
AXISBANK,2026-07-31,1229.9,1238.1,0.667,UP,25.418
AXISBANK,2026-08-03,1229.5,1236.3,0.553,UP,24.553
AXISBANK,2026-08-04,1272.0,1260.4,0.912,DOWN,25.834
AXISBANK,2026-08-06,1253.9,1257.3,0.271,UP,25.24
AXISBANK,2026-08-07,1256.0,1249.5,0.518,DOWN,24.23
AXISBANK,2026-08-10,1238.0,1247.2,0.743,UP,23.785
AXISBANK,2026-08-11,1247.3,1236.4,0.874,DOWN,22.836
AXISBANK,2026-08-12,1229.8,1226.3,0.285,DOWN,22.77
AXISBANK,2026-08-13,1230.0,1223.0,0.569,DOWN,22.415
AXISBANK,2026-08-14,1221.8,1214.6,0.589,DOWN,21.842
AXISBANK,2026-08-17,1217.4,1220.5,0.255,UP,21.211
AXISBANK,2026-08-18,1227.3,1231.0,0.301,UP,21.224
AXISBANK,2026-08-19,1243.0,1239.5,0.282,DOWN,21.322
AXISBANK,2026-08-20,1235.0,1243.1,0.656,UP,21.149
AXISBANK,2026-08-21,1251.0,1247.3,0.296,DOWN,20.96
AXISBANK,2026-08-26,1235.0,1242.6,0.615,UP,19.586
AXISBANK,2026-08-28,1256.0,1252.1,0.311,DOWN,19.622
AXISBANK,2026-08-31,1265.0,1257.4,0.601,DOWN,19.413
AXISBANK,2026-09-01,1300.0,1269.0,2.385,DOWN,21.512
AXISBANK,2026-09-03,1253.9,1268.2,1.14,UP,22.667
AXISBANK,2026-09-07,1273.0,1266.4,0.518,DOWN,22.509
AXISBANK,2026-09-08,1266.0,1256.8,0.727,DOWN,21.68
AXISBANK,2026-09-09,1244.9,1236.9,0.643,DOWN,22.024
AXISBANK,2026-09-10,1238.5,1248.0,0.767,UP,21.98
AXISBANK,2026-09-11,1246.0,1233.0,1.043,DOWN,21.603
BAJAJFINSV,2026-07-14,1910.0,1887.6,1.173,DOWN,41.507
BAJAJFINSV,2026-07-15,1865.0,1875.0,0.536,UP,42.042
BAJAJFINSV,2026-07-17,1830.0,1835.2,0.284,UP,41.433
BAJAJFINSV,2026-07-21,1861.5,1866.9,0.29,UP,40.167
BAJAJFINSV,2026-07-22,1900.7,1891.5,0.484,DOWN,40.39
BAJAJFINSV,2026-07-23,1876.4,1867.5,0.474,DOWN,39.698
BAJAJFINSV,2026-07-24,1889.4,1874.2,0.804,DOWN,39.156
BAJAJFINSV,2026-07-27,1876.9,1892.0,0.805,UP,38.209
BAJAJFINSV,2026-07-29,1927.9,1936.5,0.446,UP,37.875
BAJAJFINSV,2026-07-31,1909.4,1963.7,2.844,UP,37.481
BAJAJFINSV,2026-08-03,2030.2,2065.7,1.749,UP,43.839
BAJAJFINSV,2026-08-04,2096.0,2077.1,0.902,DOWN,45.408
BAJAJFINSV,2026-08-05,2105.0,2112.3,0.347,UP,44.807
BAJAJFINSV,2026-08-06,2086.0,2079.1,0.331,DOWN,44.607
BAJAJFINSV,2026-08-10,2008.9,2000.0,0.443,DOWN,47.113
BAJAJFINSV,2026-08-11,2021.3,2014.8,0.322,DOWN,46.747
BAJAJFINSV,2026-08-12,2032.0,2008.6,1.152,DOWN,45.687
BAJAJFINSV,2026-08-13,2020.5,2013.3,0.356,DOWN,44.266
BAJAJFINSV,2026-08-14,2025.0,2031.3,0.311,UP,42.912
BAJAJFINSV,2026-08-19,2011.2,1987.6,1.173,DOWN,39.059
BAJAJFINSV,2026-08-20,2012.0,2024.8,0.636,UP,38.083
BAJAJFINSV,2026-08-24,2032.5,2024.0,0.418,DOWN,35.152
BAJAJFINSV,2026-08-25,2003.6,1996.0,0.379,DOWN,35.234
BAJAJFINSV,2026-08-26,2004.0,2018.7,0.734,UP,34.475
BAJAJFINSV,2026-08-27,2010.0,2022.2,0.607,UP,33.505
BAJAJFINSV,2026-08-28,2011.0,1994.0,0.845,DOWN,32.905
BAJAJFINSV,2026-08-31,2002.0,1979.1,1.144,DOWN,32.597
BAJAJFINSV,2026-09-01,2021.0,1986.7,1.697,DOWN,34.055
BAJAJFINSV,2026-09-02,1972.0,1952.3,0.999,DOWN,35.965
BAJAJFINSV,2026-09-11,1940.5,1908.1,1.67,DOWN,32.146
BAJFINANCE,2026-07-14,1022.5,1002.9,1.917,DOWN,23.846
BAJFINANCE,2026-07-16,1020.1,1025.1,0.49,UP,24.529
BAJFINANCE,2026-07-17,1037.6,1042.4,0.463,UP,24.363
BAJFINANCE,2026-07-20,1056.3,1047.6,0.824,DOWN,24.108
BAJFINANCE,2026-07-22,1069.2,1065.0,0.393,DOWN,23.68
BAJFINANCE,2026-07-23,1059.6,1048.0,1.095,DOWN,22.924
BAJFINANCE,2026-07-24,1040.0,1025.6,1.385,DOWN,23.044
BAJFINANCE,2026-07-27,1017.9,1030.1,1.199,UP,24.155
BAJFINANCE,2026-07-29,1048.4,1062.7,1.364,UP,23.771
BAJFINANCE,2026-07-30,1052.0,1049.1,0.276,DOWN,23.244
BAJFINANCE,2026-08-03,1141.8,1170.7,2.531,UP,28.874
BAJFINANCE,2026-08-05,1149.0,1164.3,1.332,UP,28.535
BAJFINANCE,2026-08-06,1158.8,1146.0,1.105,DOWN,27.983
BAJFINANCE,2026-08-11,1102.2,1087.1,1.37,DOWN,30.445
BAJFINANCE,2026-08-12,1093.3,1087.8,0.503,DOWN,29.377
BAJFINANCE,2026-08-13,1094.2,1086.9,0.667,DOWN,28.293
BAJFINANCE,2026-08-17,1087.0,1082.4,0.423,DOWN,26.06
BAJFINANCE,2026-08-18,1089.3,1092.4,0.285,UP,25.699
BAJFINANCE,2026-08-19,1094.3,1081.3,1.188,DOWN,24.649
BAJFINANCE,2026-08-20,1080.2,1098.2,1.666,UP,24.167
BAJFINANCE,2026-08-24,1095.0,1091.9,0.283,DOWN,22.933
BAJFINANCE,2026-08-27,1085.0,1103.3,1.687,UP,21.222
BAJFINANCE,2026-08-28,1083.0,1068.2,1.367,DOWN,21.349
BAJFINANCE,2026-08-31,1079.9,1067.6,1.139,DOWN,21.032
BAJFINANCE,2026-09-02,1053.9,1040.3,1.29,DOWN,21.013
BAJFINANCE,2026-09-03,1055.9,1052.7,0.303,DOWN,21.37
BAJFINANCE,2026-09-04,1049.0,1052.5,0.334,UP,20.965
BAJFINANCE,2026-09-07,1060.5,1065.7,0.49,UP,20.51
BAJFINANCE,2026-09-08,1060.0,1053.8,0.585,DOWN,19.938
BAJFINANCE,2026-09-09,1054.1,1045.7,0.797,DOWN,19.228
BAJFINANCE,2026-09-11,1043.5,1022.5,2.012,DOWN,18.822
BHARTIARTL,2026-07-14,1901.8,1910.9,0.478,UP,35.693
BHARTIARTL,2026-07-15,1936.5,1942.0,0.284,UP,35.943
BHARTIARTL,2026-07-16,1917.5,1927.8,0.537,UP,35.483
BHARTIARTL,2026-07-20,1908.8,1933.7,1.304,UP,33.213
BHARTIARTL,2026-07-21,1940.1,1946.9,0.35,UP,33.241
BHARTIARTL,2026-07-24,1931.0,1899.7,1.621,DOWN,30.188
BHARTIARTL,2026-07-28,1905.3,1899.6,0.299,DOWN,31.474
BHARTIARTL,2026-07-29,1901.8,1931.0,1.535,UP,30.154
BHARTIARTL,2026-07-30,1950.2,1957.0,0.349,UP,31.943
BHARTIARTL,2026-08-04,1970.5,1961.4,0.462,DOWN,30.692
BHARTIARTL,2026-08-05,1970.1,1983.0,0.655,UP,30.064
BHARTIARTL,2026-08-06,1978.0,1962.6,0.779,DOWN,30.231
BHARTIARTL,2026-08-07,1948.0,1953.4,0.277,UP,30.464
BHARTIARTL,2026-08-10,1959.9,1946.9,0.663,DOWN,29.56
BHARTIARTL,2026-08-11,1943.0,1927.4,0.803,DOWN,29.227
BHARTIARTL,2026-08-12,1915.2,1907.5,0.402,DOWN,29.125
BHARTIARTL,2026-08-17,1992.1,1982.5,0.482,DOWN,33.315
BHARTIARTL,2026-08-18,1969.3,1954.4,0.757,DOWN,32.628
BHARTIARTL,2026-08-20,1922.0,1941.1,0.994,UP,31.854
BHARTIARTL,2026-08-26,1947.0,1930.4,0.853,DOWN,28.377
BHARTIARTL,2026-09-01,1811.9,1858.2,2.555,UP,33.073
BHARTIARTL,2026-09-02,1877.2,1868.4,0.469,DOWN,35.375
BHARTIARTL,2026-09-03,1862.8,1868.0,0.279,UP,34.434
BHARTIARTL,2026-09-04,1869.0,1862.7,0.337,DOWN,32.575
BHARTIARTL,2026-09-07,1840.0,1852.6,0.685,UP,32.419
BHARTIARTL,2026-09-08,1854.0,1838.0,0.863,DOWN,31.782
BHARTIARTL,2026-09-09,1844.0,1816.6,1.486,DOWN,31.226
BPCL,2026-07-14,307.7,303.9,1.235,DOWN,7.246
BPCL,2026-07-15,305.35,306.65,0.426,UP,7.1
BPCL,2026-07-16,310.05,311.5,0.468,UP,7.004
BPCL,2026-07-17,312.75,311.1,0.528,DOWN,7.086
BPCL,2026-07-20,315.55,311.4,1.315,DOWN,6.969
BPCL,2026-07-21,317.35,319.1,0.551,UP,7.232
BPCL,2026-07-22,319.0,315.2,1.191,DOWN,7.051
BPCL,2026-07-23,314.0,309.45,1.449,DOWN,7.483
BPCL,2026-07-24,310.3,306.55,1.209,DOWN,7.556
BPCL,2026-07-27,310.25,316.6,2.047,UP,7.459
BPCL,2026-07-28,316.25,317.1,0.269,UP,7.455
BPCL,2026-07-29,320.1,316.35,1.172,DOWN,7.276
BPCL,2026-07-30,317.2,316.05,0.363,DOWN,7.049
BPCL,2026-08-03,320.0,325.55,1.734,UP,6.851
BPCL,2026-08-04,329.95,324.5,1.652,DOWN,7.072
BPCL,2026-08-05,324.0,325.75,0.54,UP,7.231
BPCL,2026-08-06,326.25,323.85,0.736,DOWN,6.997
BPCL,2026-08-07,325.0,322.1,0.892,DOWN,6.804
BPCL,2026-08-10,321.0,318.55,0.763,DOWN,6.879
BPCL,2026-08-11,318.5,316.7,0.565,DOWN,6.727
BPCL,2026-08-12,317.8,316.7,0.346,DOWN,6.528
BPCL,2026-08-13,317.0,313.2,1.199,DOWN,6.555
BPCL,2026-08-17,319.45,315.35,1.283,DOWN,6.456
BPCL,2026-08-18,316.65,315.7,0.3,DOWN,6.377
BPCL,2026-08-24,311.0,313.75,0.884,UP,6.303
BPCL,2026-08-25,311.9,312.7,0.256,UP,6.156
BPCL,2026-08-26,318.1,323.45,1.682,UP,6.32
BPCL,2026-08-27,318.0,319.4,0.44,UP,6.333
BPCL,2026-08-31,319.25,312.1,2.24,DOWN,6.12
BPCL,2026-09-01,324.05,316.35,2.376,DOWN,6.629
BPCL,2026-09-02,317.65,314.4,1.023,DOWN,6.706
BPCL,2026-09-08,312.9,313.8,0.288,UP,6.276
BPCL,2026-09-09,303.85,302.65,0.395,DOWN,6.717
BPCL,2026-09-10,303.55,305.1,0.511,UP,6.612
BPCL,2026-09-11,303.0,297.85,1.7,DOWN,6.443
BRITANNIA,2026-07-14,5348.5,5316.5,0.598,DOWN,96.393
BRITANNIA,2026-07-17,5301.0,5326.0,0.472,UP,92.653
BRITANNIA,2026-07-24,5388.0,5354.5,0.622,DOWN,94.328
BRITANNIA,2026-07-27,5379.5,5405.5,0.483,UP,97.019
BRITANNIA,2026-07-28,5384.5,5430.0,0.845,UP,96.625
BRITANNIA,2026-07-29,5477.5,5526.0,0.885,UP,98.794
BRITANNIA,2026-07-31,5530.0,5404.0,2.278,DOWN,95.841
BRITANNIA,2026-08-03,5416.5,5432.5,0.295,UP,100.852
BRITANNIA,2026-08-04,5531.0,5448.0,1.501,DOWN,101.827
BRITANNIA,2026-08-05,5478.0,5420.0,1.059,DOWN,103.803
BRITANNIA,2026-08-10,5510.0,5615.0,1.906,UP,109.379
BRITANNIA,2026-08-14,5615.0,5593.5,0.383,DOWN,102.085
BRITANNIA,2026-08-18,5521.0,5535.0,0.254,UP,97.726
BRITANNIA,2026-08-19,5495.0,5516.0,0.382,UP,95.46
BRITANNIA,2026-08-20,5453.0,5493.5,0.743,UP,95.57
BRITANNIA,2026-08-21,5548.0,5460.0,1.586,DOWN,95.994
BRITANNIA,2026-08-24,5365.0,5350.0,0.28,DOWN,103.851
BRITANNIA,2026-08-25,5291.0,5315.0,0.454,UP,102.076
BRITANNIA,2026-08-26,5382.5,5341.5,0.762,DOWN,101.678
BRITANNIA,2026-08-27,5310.0,5341.0,0.584,UP,100.022
BRITANNIA,2026-08-28,5298.0,5324.0,0.491,UP,98.592
BRITANNIA,2026-08-31,5308.5,5262.5,0.867,DOWN,97.121
BRITANNIA,2026-09-02,5187.0,5087.5,1.918,DOWN,96.875
BRITANNIA,2026-09-03,5154.0,5109.5,0.863,DOWN,100.027
BRITANNIA,2026-09-08,5042.5,5028.5,0.278,DOWN,96.012
BRITANNIA,2026-09-09,5064.0,5043.5,0.405,DOWN,94.475
BRITANNIA,2026-09-10,5090.0,5041.5,0.953,DOWN,93.191
BRITANNIA,2026-09-11,5009.0,4977.0,0.639,DOWN,93.177
CIPLA,2026-07-14,1425.0,1437.6,0.884,UP,27.029
CIPLA,2026-07-15,1438.0,1444.3,0.438,UP,27.205
CIPLA,2026-07-17,1430.0,1417.0,0.909,DOWN,25.745
CIPLA,2026-07-20,1419.5,1434.1,1.029,UP,25.763
CIPLA,2026-07-21,1441.6,1434.1,0.52,DOWN,27.287
CIPLA,2026-07-22,1432.0,1411.3,1.446,DOWN,27.281
CIPLA,2026-07-23,1416.0,1396.3,1.391,DOWN,27.504
CIPLA,2026-07-27,1409.0,1414.0,0.355,UP,31.313
CIPLA,2026-07-28,1409.4,1432.8,1.66,UP,30.855
CIPLA,2026-07-29,1447.0,1451.1,0.283,UP,31.387
CIPLA,2026-07-30,1475.0,1479.0,0.271,UP,32.252
CIPLA,2026-07-31,1465.0,1472.8,0.532,UP,31.105
CIPLA,2026-08-03,1472.0,1464.1,0.537,DOWN,29.955
CIPLA,2026-08-04,1474.4,1457.7,1.133,DOWN,29.623
CIPLA,2026-08-05,1460.0,1455.1,0.336,DOWN,29.285
CIPLA,2026-08-06,1458.8,1468.1,0.638,UP,28.536
CIPLA,2026-08-10,1463.8,1480.1,1.114,UP,27.572
CIPLA,2026-08-13,1463.0,1456.9,0.417,DOWN,24.92
CIPLA,2026-08-14,1458.8,1452.8,0.411,DOWN,23.676
CIPLA,2026-08-17,1450.0,1443.5,0.448,DOWN,23.713
CIPLA,2026-08-19,1431.1,1427.1,0.28,DOWN,22.716
CIPLA,2026-08-20,1422.0,1429.7,0.541,UP,22.208
CIPLA,2026-08-24,1432.2,1413.8,1.285,DOWN,22.31
CIPLA,2026-08-26,1422.0,1410.6,0.802,DOWN,22.581
CIPLA,2026-08-27,1402.7,1408.3,0.399,UP,22.44
CIPLA,2026-08-31,1423.5,1417.2,0.443,DOWN,21.536
CIPLA,2026-09-01,1409.2,1420.6,0.809,UP,21.198
CIPLA,2026-09-02,1423.0,1408.5,1.019,DOWN,20.862
CIPLA,2026-09-03,1412.8,1408.8,0.283,DOWN,20.886
CIPLA,2026-09-07,1385.0,1380.7,0.31,DOWN,21.064
CIPLA,2026-09-10,1363.1,1370.0,0.506,UP,21.036
CIPLA,2026-09-11,1373.3,1360.0,0.968,DOWN,20.733
COALINDIA,2026-07-14,430.75,434.2,0.801,UP,7.336
COALINDIA,2026-07-20,427.65,431.85,0.982,UP,6.849
COALINDIA,2026-07-21,429.5,431.6,0.489,UP,6.757
COALINDIA,2026-07-28,427.5,418.55,2.094,DOWN,6.061
COALINDIA,2026-07-29,410.4,408.85,0.378,DOWN,7.092
COALINDIA,2026-07-30,409.7,411.8,0.513,UP,7.032
COALINDIA,2026-07-31,417.2,412.8,1.055,DOWN,7.137
COALINDIA,2026-08-05,417.6,413.8,0.91,DOWN,6.588
COALINDIA,2026-08-06,415.5,414.1,0.337,DOWN,6.539
COALINDIA,2026-08-07,412.75,414.55,0.436,UP,6.301
COALINDIA,2026-08-10,415.25,414.15,0.265,DOWN,6.04
COALINDIA,2026-08-11,411.0,409.9,0.268,DOWN,5.937
COALINDIA,2026-08-12,411.5,413.35,0.45,UP,5.791
COALINDIA,2026-08-14,410.5,408.7,0.438,DOWN,5.613
COALINDIA,2026-08-19,406.9,403.5,0.836,DOWN,5.362
COALINDIA,2026-08-20,400.0,398.2,0.45,DOWN,5.658
COALINDIA,2026-08-21,402.5,403.7,0.298,UP,5.768
COALINDIA,2026-08-24,405.2,409.45,1.049,UP,5.599
COALINDIA,2026-08-28,400.0,401.25,0.312,UP,5.414
COALINDIA,2026-09-01,401.75,405.55,0.946,UP,5.659
COALINDIA,2026-09-03,417.85,419.65,0.431,UP,6.865
COALINDIA,2026-09-04,420.05,414.25,1.381,DOWN,7.168
COALINDIA,2026-09-07,415.35,418.45,0.746,UP,7.192
COALINDIA,2026-09-08,418.85,420.25,0.334,UP,7.131
COALINDIA,2026-09-09,420.25,426.4,1.463,UP,7.069
COALINDIA,2026-09-10,431.0,432.85,0.429,UP,7.642
DIVISLAB,2026-07-15,7195.0,7289.0,1.306,UP,148.286
DIVISLAB,2026-07-16,7273.0,7303.5,0.419,UP,146.98
DIVISLAB,2026-07-17,7316.0,7271.5,0.608,DOWN,144.838
DIVISLAB,2026-07-20,7247.5,7318.5,0.98,UP,142.564
DIVISLAB,2026-07-22,7330.0,7270.0,0.819,DOWN,140.489
DIVISLAB,2026-07-23,7386.5,7316.0,0.954,DOWN,142.525
DIVISLAB,2026-07-24,7300.0,7256.0,0.603,DOWN,140.809
DIVISLAB,2026-07-29,7426.0,7509.5,1.124,UP,142.991
DIVISLAB,2026-07-30,7784.5,7836.0,0.662,UP,160.813
DIVISLAB,2026-08-03,8085.0,8140.0,0.68,UP,168.609
DIVISLAB,2026-08-04,8585.0,8403.0,2.12,DOWN,192.28
DIVISLAB,2026-08-05,8378.0,8414.5,0.436,UP,202.903
DIVISLAB,2026-08-07,8349.0,8309.5,0.473,DOWN,192.623
DIVISLAB,2026-08-10,8275.0,8330.0,0.665,UP,187.114
DIVISLAB,2026-08-12,8578.5,8633.0,0.635,UP,187.833
DIVISLAB,2026-08-13,8600.0,8453.0,1.709,DOWN,186.952
DIVISLAB,2026-08-14,8500.0,8528.0,0.329,UP,186.813
DIVISLAB,2026-08-17,8477.0,8520.0,0.507,UP,180.612
DIVISLAB,2026-08-18,8481.5,8567.5,1.014,UP,173.747
DIVISLAB,2026-08-19,8588.0,8556.0,0.373,DOWN,171.943
DIVISLAB,2026-08-24,8597.0,8492.0,1.221,DOWN,153.224
DIVISLAB,2026-08-25,8496.0,8549.5,0.63,UP,150.958
DIVISLAB,2026-08-26,8744.5,8799.0,0.623,UP,157.925
DIVISLAB,2026-08-27,9025.0,9090.0,0.72,UP,167.359
DIVISLAB,2026-08-28,9060.0,9099.0,0.43,UP,162.547
DIVISLAB,2026-08-31,9239.0,9196.0,0.465,DOWN,165.937
DIVISLAB,2026-09-07,9100.0,9174.5,0.819,UP,182.145
DIVISLAB,2026-09-11,9438.5,9361.5,0.816,DOWN,185.506
DRREDDY,2026-07-14,1236.0,1240.7,0.38,UP,39.136
DRREDDY,2026-07-15,1245.6,1239.1,0.522,DOWN,37.197
DRREDDY,2026-07-16,1229.6,1233.3,0.301,UP,35.862
DRREDDY,2026-07-17,1225.9,1216.2,0.791,DOWN,34.179
DRREDDY,2026-07-20,1211.2,1216.0,0.396,UP,33.352
DRREDDY,2026-07-21,1221.5,1215.9,0.458,DOWN,32.405
DRREDDY,2026-07-22,1205.4,1191.2,1.178,DOWN,31.919
DRREDDY,2026-07-24,1169.8,1151.6,1.556,DOWN,32.747
DRREDDY,2026-07-28,1151.0,1144.7,0.547,DOWN,31.087
DRREDDY,2026-07-30,1142.9,1148.4,0.481,UP,29.293
DRREDDY,2026-08-03,1146.0,1162.6,1.449,UP,26.773
DRREDDY,2026-08-04,1180.0,1164.8,1.288,DOWN,27.289
DRREDDY,2026-08-05,1172.6,1165.2,0.631,DOWN,27.147
DRREDDY,2026-08-06,1176.0,1169.5,0.553,DOWN,26.529
DRREDDY,2026-08-10,1168.6,1175.7,0.608,UP,24.444
DRREDDY,2026-08-12,1205.0,1201.5,0.29,DOWN,26.181
DRREDDY,2026-08-13,1200.0,1186.5,1.125,DOWN,25.347
DRREDDY,2026-08-14,1206.0,1200.5,0.456,DOWN,25.393
DRREDDY,2026-08-17,1200.0,1187.1,1.075,DOWN,24.551
DRREDDY,2026-08-18,1192.0,1188.3,0.31,DOWN,24.333
DRREDDY,2026-08-20,1170.0,1174.2,0.359,UP,23.393
DRREDDY,2026-08-21,1180.0,1183.4,0.288,UP,22.707
DRREDDY,2026-08-26,1193.5,1188.9,0.385,DOWN,21.122
DRREDDY,2026-08-31,1178.0,1170.1,0.671,DOWN,20.022
DRREDDY,2026-09-01,1154.4,1171.5,1.481,UP,20.277
DRREDDY,2026-09-03,1156.5,1160.2,0.32,UP,20.198
DRREDDY,2026-09-04,1155.0,1163.0,0.693,UP,19.419
DRREDDY,2026-09-08,1144.2,1150.8,0.577,UP,18.963
DRREDDY,2026-09-09,1151.0,1147.8,0.278,DOWN,18.323
DRREDDY,2026-09-10,1145.0,1139.1,0.515,DOWN,18.057
EICHERMOT,2026-07-15,7276.5,7310.0,0.46,UP,171.084
EICHERMOT,2026-07-17,7423.0,7511.0,1.186,UP,163.389
EICHERMOT,2026-07-20,7569.0,7541.0,0.37,DOWN,162.575
EICHERMOT,2026-07-21,7574.0,7621.5,0.627,UP,158.213
EICHERMOT,2026-07-23,7632.0,7655.0,0.301,UP,153.849
EICHERMOT,2026-07-24,7718.0,7633.0,1.101,DOWN,155.646
EICHERMOT,2026-07-27,7628.0,7661.0,0.433,UP,154.743
EICHERMOT,2026-07-29,7836.0,7900.0,0.817,UP,156.487
EICHERMOT,2026-07-31,7912.5,7850.0,0.79,DOWN,159.915
EICHERMOT,2026-08-03,7840.0,7900.0,0.765,UP,156.743
EICHERMOT,2026-08-04,8050.0,7989.5,0.752,DOWN,160.975
EICHERMOT,2026-08-06,7986.5,8015.5,0.363,UP,157.405
EICHERMOT,2026-08-07,7924.5,7960.0,0.448,UP,156.697
EICHERMOT,2026-08-10,8020.0,7976.0,0.549,DOWN,155.719
EICHERMOT,2026-08-11,7975.0,8028.0,0.665,UP,150.203
EICHERMOT,2026-08-14,8100.0,8075.0,0.309,DOWN,141.265
EICHERMOT,2026-08-17,8066.5,8144.0,0.961,UP,137.425
EICHERMOT,2026-08-24,8010.0,7986.0,0.3,DOWN,126.714
EICHERMOT,2026-08-25,8047.0,8015.0,0.398,DOWN,125.163
EICHERMOT,2026-08-31,8059.0,7983.0,0.943,DOWN,118.637
EICHERMOT,2026-09-01,7953.5,7978.5,0.314,UP,118.52
EICHERMOT,2026-09-02,7970.0,7758.5,2.654,DOWN,123.697
EICHERMOT,2026-09-03,7711.5,7663.5,0.622,DOWN,147.862
EICHERMOT,2026-09-04,7690.0,7623.5,0.865,DOWN,145.193
EICHERMOT,2026-09-09,7747.5,7695.5,0.671,DOWN,135.795
EICHERMOT,2026-09-10,7734.5,7698.0,0.472,DOWN,134.345
EICHERMOT,2026-09-11,7697.0,7572.0,1.624,DOWN,131.678
GRASIM,2026-07-14,3135.0,3120.0,0.478,DOWN,55.7
GRASIM,2026-07-15,3113.0,3124.0,0.353,UP,54.679
GRASIM,2026-07-16,3084.9,3105.0,0.652,UP,55.602
GRASIM,2026-07-17,3072.9,3097.2,0.791,UP,54.844
GRASIM,2026-07-21,3143.8,3154.5,0.34,UP,54.46
GRASIM,2026-07-22,3179.8,3164.5,0.481,DOWN,54.22
GRASIM,2026-07-23,3166.3,3178.5,0.385,UP,52.718
GRASIM,2026-07-24,3113.0,3088.1,0.8,DOWN,54.917
GRASIM,2026-07-28,3112.4,3120.8,0.27,UP,52.596
GRASIM,2026-07-29,3120.0,3142.1,0.708,UP,50.575
GRASIM,2026-07-31,3104.8,3131.8,0.87,UP,48.44
GRASIM,2026-08-03,3092.6,3108.2,0.504,UP,48.008
GRASIM,2026-08-05,3138.0,3155.0,0.542,UP,62.705
GRASIM,2026-08-07,3220.0,3187.2,1.019,DOWN,63.08
GRASIM,2026-08-11,3380.5,3370.3,0.302,DOWN,72.536
GRASIM,2026-08-12,3322.2,3348.5,0.792,UP,72.969
GRASIM,2026-08-13,3307.8,3219.7,2.663,DOWN,76.221
GRASIM,2026-08-14,3257.0,3241.3,0.482,DOWN,77.313
GRASIM,2026-08-17,3248.7,3233.2,0.477,DOWN,74.362
GRASIM,2026-08-18,3250.5,3271.7,0.652,UP,72.507
GRASIM,2026-08-19,3278.7,3265.9,0.39,DOWN,70.607
GRASIM,2026-08-20,3270.0,3278.6,0.263,UP,69.499
GRASIM,2026-08-21,3300.0,3288.3,0.355,DOWN,68.821
GRASIM,2026-08-24,3308.0,3290.9,0.517,DOWN,69.898
GRASIM,2026-08-25,3300.0,3280.1,0.603,DOWN,67.976
GRASIM,2026-08-26,3289.6,3269.3,0.617,DOWN,68.685
GRASIM,2026-08-31,3290.0,3258.1,0.97,DOWN,65.055
GRASIM,2026-09-01,3371.0,3319.4,1.531,DOWN,68.944
GRASIM,2026-09-02,3305.0,3265.0,1.21,DOWN,70.012
GRASIM,2026-09-03,3294.9,3305.0,0.307,UP,69.976
GRASIM,2026-09-04,3310.0,3278.3,0.958,DOWN,67.834
GRASIM,2026-09-07,3322.0,3302.6,0.584,DOWN,67.346
GRASIM,2026-09-08,3302.4,3287.8,0.442,DOWN,65.007
GRASIM,2026-09-10,3300.0,3291.0,0.273,DOWN,61.428
GRASIM,2026-09-11,3319.0,3288.9,0.907,DOWN,59.947
HCLTECH,2026-07-14,1224.0,1202.9,1.724,DOWN,38.486
HCLTECH,2026-07-15,1164.6,1156.0,0.738,DOWN,40.022
HCLTECH,2026-07-16,1167.1,1196.7,2.536,UP,39.714
HCLTECH,2026-07-17,1188.0,1209.1,1.776,UP,39.513
HCLTECH,2026-07-20,1203.9,1213.2,0.772,UP,38.612
HCLTECH,2026-07-22,1239.5,1234.6,0.395,DOWN,36.024
HCLTECH,2026-07-24,1244.7,1270.7,2.089,UP,32.982
HCLTECH,2026-07-27,1268.1,1278.5,0.82,UP,33.283
HCLTECH,2026-07-28,1295.1,1319.3,1.869,UP,33.399
HCLTECH,2026-07-29,1321.3,1334.8,1.022,UP,34.356
HCLTECH,2026-07-30,1344.3,1360.0,1.168,UP,34.138
HCLTECH,2026-08-04,1377.0,1363.5,0.98,DOWN,34.633
HCLTECH,2026-08-05,1369.9,1363.6,0.46,DOWN,34.274
HCLTECH,2026-08-07,1337.0,1340.9,0.292,UP,33.25
HCLTECH,2026-08-11,1357.2,1375.8,1.37,UP,31.894
HCLTECH,2026-08-13,1365.4,1356.8,0.63,DOWN,30.928
HCLTECH,2026-08-14,1370.0,1362.1,0.577,DOWN,29.99
HCLTECH,2026-08-17,1360.0,1349.2,0.794,DOWN,29.519
HCLTECH,2026-08-18,1325.0,1308.9,1.215,DOWN,29.911
HCLTECH,2026-08-19,1298.0,1315.7,1.364,UP,30.082
HCLTECH,2026-08-20,1324.8,1329.7,0.37,UP,29.847
HCLTECH,2026-08-21,1318.4,1312.0,0.485,DOWN,29.329
HCLTECH,2026-08-24,1302.5,1319.3,1.29,UP,28.37
HCLTECH,2026-08-25,1322.0,1318.0,0.303,DOWN,27.965
HCLTECH,2026-08-28,1282.0,1305.2,1.81,UP,26.836
HCLTECH,2026-08-31,1316.1,1299.4,1.269,DOWN,28.641
HCLTECH,2026-09-01,1312.2,1324.8,0.96,UP,28.259
HCLTECH,2026-09-02,1351.4,1318.7,2.42,DOWN,30.219
HCLTECH,2026-09-03,1331.5,1317.8,1.029,DOWN,30.439
HCLTECH,2026-09-04,1319.0,1325.0,0.455,UP,29.944
HCLTECH,2026-09-07,1293.4,1282.6,0.835,DOWN,30.312
HCLTECH,2026-09-08,1282.8,1269.2,1.06,DOWN,30.304
HCLTECH,2026-09-11,1207.0,1215.2,0.679,UP,32.01
HDFCBANK,2026-07-14,817.5,811.05,0.789,DOWN,14.975
HDFCBANK,2026-07-15,808.55,811.0,0.303,UP,14.716
HDFCBANK,2026-07-17,808.45,812.85,0.544,UP,14.157
HDFCBANK,2026-07-21,778.0,771.75,0.803,DOWN,16.415
HDFCBANK,2026-07-22,761.5,755.95,0.729,DOWN,16.514
HDFCBANK,2026-07-23,753.8,748.2,0.743,DOWN,16.124
HDFCBANK,2026-07-24,747.25,743.5,0.502,DOWN,15.715
HDFCBANK,2026-07-29,736.75,743.2,0.875,UP,14.316
HDFCBANK,2026-08-03,748.0,752.65,0.622,UP,13.615
HDFCBANK,2026-08-04,753.0,750.25,0.365,DOWN,13.271
HDFCBANK,2026-08-05,742.0,738.75,0.438,DOWN,13.38
HDFCBANK,2026-08-06,735.0,737.4,0.327,UP,13.092
HDFCBANK,2026-08-11,731.0,728.45,0.349,DOWN,11.962
HDFCBANK,2026-08-12,729.0,725.0,0.549,DOWN,11.415
HDFCBANK,2026-08-13,729.0,726.95,0.281,DOWN,11.214
HDFCBANK,2026-08-18,729.0,726.65,0.322,DOWN,10.055
HDFCBANK,2026-08-19,723.0,720.9,0.29,DOWN,9.766
HDFCBANK,2026-08-20,720.0,727.1,0.986,UP,9.632
HDFCBANK,2026-08-21,725.05,727.0,0.269,UP,9.537
HDFCBANK,2026-08-24,726.95,733.45,0.894,UP,9.41
HDFCBANK,2026-08-27,727.2,720.5,0.921,DOWN,9.044
HDFCBANK,2026-08-31,720.3,736.75,2.284,UP,9.604
HDFCBANK,2026-09-01,709.0,705.5,0.494,DOWN,11.457
HDFCBANK,2026-09-02,711.9,701.2,1.503,DOWN,11.835
HDFCBANK,2026-09-03,700.8,705.5,0.671,UP,11.836
HDFCBANK,2026-09-04,706.65,711.3,0.658,UP,11.834
HDFCBANK,2026-09-08,710.5,707.35,0.443,DOWN,11.217
HDFCBANK,2026-09-09,703.0,699.55,0.491,DOWN,10.952
HDFCBANK,2026-09-10,687.1,688.9,0.262,UP,11.305
HDFCBANK,2026-09-11,693.8,685.2,1.24,DOWN,11.087
HDFCLIFE,2026-07-14,573.5,569.5,0.697,DOWN,10.957
HDFCLIFE,2026-07-15,555.2,558.0,0.504,UP,11.599
HDFCLIFE,2026-07-16,567.2,564.45,0.485,DOWN,12.185
HDFCLIFE,2026-07-17,568.0,566.5,0.264,DOWN,12.208
HDFCLIFE,2026-07-21,564.65,562.3,0.416,DOWN,11.829
HDFCLIFE,2026-07-22,561.9,560.3,0.285,DOWN,11.494
HDFCLIFE,2026-07-23,553.55,551.7,0.334,DOWN,11.509
HDFCLIFE,2026-07-31,544.9,546.6,0.312,UP,10.27
HDFCLIFE,2026-08-03,548.5,551.25,0.501,UP,10.004
HDFCLIFE,2026-08-04,553.1,546.95,1.112,DOWN,9.668
HDFCLIFE,2026-08-05,535.95,538.75,0.522,UP,10.592
HDFCLIFE,2026-08-06,545.0,542.9,0.385,DOWN,10.596
HDFCLIFE,2026-08-07,542.5,541.1,0.258,DOWN,10.303
HDFCLIFE,2026-08-10,540.0,536.0,0.741,DOWN,10.067
HDFCLIFE,2026-08-11,540.0,536.5,0.648,DOWN,10.088
HDFCLIFE,2026-08-12,536.0,534.5,0.28,DOWN,9.906
HDFCLIFE,2026-08-13,537.0,534.45,0.475,DOWN,9.627
HDFCLIFE,2026-08-14,538.05,535.8,0.418,DOWN,9.336
HDFCLIFE,2026-08-18,543.0,539.65,0.617,DOWN,8.935
HDFCLIFE,2026-08-20,536.3,538.6,0.429,UP,8.51
HDFCLIFE,2026-08-21,542.0,537.8,0.775,DOWN,8.395
HDFCLIFE,2026-08-26,546.7,552.0,0.969,UP,9.025
HDFCLIFE,2026-08-31,548.0,543.6,0.803,DOWN,9.239
HDFCLIFE,2026-09-01,543.35,540.35,0.552,DOWN,9.104
HDFCLIFE,2026-09-02,540.3,536.0,0.796,DOWN,8.929
HDFCLIFE,2026-09-03,533.0,537.8,0.901,UP,8.862
HDFCLIFE,2026-09-04,533.5,538.4,0.918,UP,8.883
HDFCLIFE,2026-09-07,546.4,539.95,1.18,DOWN,9.284
HDFCLIFE,2026-09-08,533.2,544.6,2.138,UP,9.564
HDFCLIFE,2026-09-09,533.8,526.7,1.33,DOWN,9.724
HDFCLIFE,2026-09-11,526.15,521.7,0.846,DOWN,11.255
HEROMOTOCO,2026-07-15,4879.0,4914.9,0.736,UP,102.525
HEROMOTOCO,2026-07-16,4880.6,4897.0,0.336,UP,101.559
HEROMOTOCO,2026-07-20,4909.9,4928.7,0.383,UP,94.61
HEROMOTOCO,2026-07-21,4977.7,5006.8,0.585,UP,93.752
HEROMOTOCO,2026-07-22,5035.0,5081.6,0.926,UP,93.027
HEROMOTOCO,2026-07-23,4985.0,5007.9,0.459,UP,96.268
HEROMOTOCO,2026-07-24,5172.0,5065.7,2.055,DOWN,104.627
HEROMOTOCO,2026-07-27,5010.9,5053.6,0.852,UP,110.725
HEROMOTOCO,2026-07-28,5113.8,5135.4,0.422,UP,111.002
HEROMOTOCO,2026-07-29,5160.0,5208.3,0.936,UP,107.237
HEROMOTOCO,2026-07-30,5149.1,5203.0,1.047,UP,106.385
HEROMOTOCO,2026-07-31,5325.0,5345.9,0.392,UP,113.329
HEROMOTOCO,2026-08-03,5382.6,5439.0,1.048,UP,111.612
HEROMOTOCO,2026-08-04,5460.0,5474.0,0.256,UP,109.169
HEROMOTOCO,2026-08-05,5548.0,5604.5,1.018,UP,112.228
HEROMOTOCO,2026-08-06,5690.0,5647.0,0.756,DOWN,115.39
HEROMOTOCO,2026-08-07,5570.0,5587.5,0.314,UP,116.22
HEROMOTOCO,2026-08-10,5725.0,5873.5,2.594,UP,124.275
HEROMOTOCO,2026-08-11,5860.0,5830.0,0.512,DOWN,130.113
HEROMOTOCO,2026-08-12,5865.5,5889.5,0.409,UP,130.355
HEROMOTOCO,2026-08-14,5850.0,5827.5,0.385,DOWN,124.671
HEROMOTOCO,2026-08-19,5745.5,5726.0,0.339,DOWN,115.527
HEROMOTOCO,2026-08-21,5740.5,5696.0,0.775,DOWN,111.131
HEROMOTOCO,2026-08-24,5735.0,5677.0,1.011,DOWN,110.229
HEROMOTOCO,2026-08-25,5685.0,5670.5,0.255,DOWN,108.391
HEROMOTOCO,2026-08-27,5595.0,5568.5,0.474,DOWN,108.656
HEROMOTOCO,2026-08-28,5550.0,5593.0,0.775,UP,106.823
HEROMOTOCO,2026-08-31,5600.0,5583.0,0.304,DOWN,106.622
HEROMOTOCO,2026-09-02,5555.0,5441.0,2.052,DOWN,116.804
HEROMOTOCO,2026-09-08,5270.0,5298.5,0.541,UP,121.138
HEROMOTOCO,2026-09-09,5333.5,5269.0,1.209,DOWN,117.307
HEROMOTOCO,2026-09-11,5280.0,5201.0,1.496,DOWN,117.354
HINDALCO,2026-07-14,965.0,978.35,1.383,UP,20.729
HINDALCO,2026-07-15,975.0,971.9,0.318,DOWN,21.534
HINDALCO,2026-07-16,953.5,964.8,1.185,UP,21.567
HINDALCO,2026-07-17,960.0,951.0,0.938,DOWN,21.184
HINDALCO,2026-07-20,945.1,949.7,0.487,UP,21.131
HINDALCO,2026-07-21,947.8,953.8,0.633,UP,20.447
HINDALCO,2026-07-22,951.4,958.0,0.694,UP,20.051
HINDALCO,2026-07-23,950.0,954.55,0.479,UP,19.511
HINDALCO,2026-07-24,955.55,947.25,0.869,DOWN,19.214
HINDALCO,2026-07-27,944.0,946.8,0.297,UP,18.967
HINDALCO,2026-07-29,939.9,943.4,0.372,UP,17.694
HINDALCO,2026-07-30,964.3,968.65,0.451,UP,18.33
HINDALCO,2026-07-31,970.4,980.55,1.046,UP,17.863
HINDALCO,2026-08-03,974.45,983.2,0.898,UP,17.845
HINDALCO,2026-08-04,994.9,1004.55,0.97,UP,18.031
HINDALCO,2026-08-06,1040.0,1029.65,0.995,DOWN,19.258
HINDALCO,2026-08-10,1059.6,1053.9,0.538,DOWN,20.709
HINDALCO,2026-08-11,1054.05,1062.05,0.759,UP,20.801
HINDALCO,2026-08-13,1078.5,1058.25,1.878,DOWN,22.0
HINDALCO,2026-08-14,1046.25,1026.95,1.845,DOWN,23.175
HINDALCO,2026-08-17,1029.5,1039.95,1.015,UP,23.201
HINDALCO,2026-08-18,1049.9,1043.15,0.643,DOWN,23.394
HINDALCO,2026-08-19,1041.6,1026.5,1.45,DOWN,22.573
HINDALCO,2026-08-21,1029.85,1033.0,0.306,UP,22.335
HINDALCO,2026-08-24,1034.0,1051.0,1.644,UP,21.518
HINDALCO,2026-08-25,1058.5,1050.95,0.713,DOWN,21.731
HINDALCO,2026-08-26,1051.05,1044.45,0.628,DOWN,21.24
HINDALCO,2026-08-27,1053.0,1048.6,0.418,DOWN,20.869
HINDALCO,2026-08-28,1024.0,1030.65,0.649,UP,21.7
HINDALCO,2026-08-31,1037.4,1010.3,2.612,DOWN,21.107
HINDALCO,2026-09-01,1015.45,1030.0,1.433,UP,21.853
HINDALCO,2026-09-02,1014.4,1010.1,0.424,DOWN,21.949
HINDALCO,2026-09-08,1006.0,1015.5,0.944,UP,20.041
HINDALCO,2026-09-09,1009.0,1014.7,0.565,UP,19.931
HINDALCO,2026-09-10,1026.9,1023.3,0.351,DOWN,20.172
HINDUNILVR,2026-07-16,2102.1,2114.9,0.609,UP,37.15
HINDUNILVR,2026-07-17,2098.4,2114.4,0.762,UP,36.411
HINDUNILVR,2026-07-20,2143.0,2130.3,0.593,DOWN,37.782
HINDUNILVR,2026-07-22,2142.5,2149.9,0.345,UP,35.093
HINDUNILVR,2026-07-24,2163.4,2152.9,0.485,DOWN,34.066
HINDUNILVR,2026-07-27,2146.5,2173.0,1.235,UP,33.376
HINDUNILVR,2026-07-28,2174.6,2189.1,0.667,UP,33.356
HINDUNILVR,2026-07-29,2020.0,2056.6,1.812,UP,44.881
HINDUNILVR,2026-07-30,2119.5,2128.3,0.415,UP,48.996
HINDUNILVR,2026-08-03,2100.0,2115.8,0.752,UP,46.54
HINDUNILVR,2026-08-04,2138.0,2104.4,1.572,DOWN,45.93
HINDUNILVR,2026-08-05,2096.5,2086.0,0.501,DOWN,47.492
HINDUNILVR,2026-08-11,2087.2,2077.4,0.47,DOWN,40.504
HINDUNILVR,2026-08-14,2092.0,2081.8,0.488,DOWN,37.399
HINDUNILVR,2026-08-17,2077.0,2061.1,0.766,DOWN,36.556
HINDUNILVR,2026-08-18,2055.0,2048.8,0.302,DOWN,35.517
HINDUNILVR,2026-08-20,2020.7,2026.8,0.302,UP,34.314
HINDUNILVR,2026-08-24,2015.0,2023.7,0.432,UP,32.464
HINDUNILVR,2026-08-25,2030.0,2021.5,0.419,DOWN,31.788
HINDUNILVR,2026-08-26,2024.2,2031.4,0.356,UP,30.803
HINDUNILVR,2026-08-28,2009.0,2003.0,0.299,DOWN,30.074
HINDUNILVR,2026-08-31,2010.4,1993.0,0.866,DOWN,28.861
HINDUNILVR,2026-09-01,1967.4,1990.5,1.174,UP,29.871
HINDUNILVR,2026-09-02,1994.8,1973.1,1.088,DOWN,29.78
HINDUNILVR,2026-09-03,1975.0,1969.5,0.278,DOWN,29.925
HINDUNILVR,2026-09-07,1973.4,1964.0,0.476,DOWN,29.199
HINDUNILVR,2026-09-08,1960.0,1967.8,0.398,UP,28.071
HINDUNILVR,2026-09-09,1980.0,1967.5,0.631,DOWN,28.201
HINDUNILVR,2026-09-11,1942.3,1936.3,0.309,DOWN,28.042
ICICIBANK,2026-07-14,1406.8,1396.9,0.704,DOWN,26.364
ICICIBANK,2026-07-15,1406.0,1424.5,1.316,UP,25.888
ICICIBANK,2026-07-16,1411.1,1422.2,0.787,UP,25.611
ICICIBANK,2026-07-17,1417.9,1427.9,0.705,UP,25.024
ICICIBANK,2026-07-20,1452.0,1462.2,0.702,UP,25.894
ICICIBANK,2026-07-21,1460.3,1471.1,0.74,UP,25.894
ICICIBANK,2026-07-22,1463.1,1453.7,0.642,DOWN,25.173
ICICIBANK,2026-07-24,1434.6,1430.5,0.286,DOWN,24.672
ICICIBANK,2026-07-29,1418.0,1434.9,1.192,UP,24.327
ICICIBANK,2026-07-30,1437.9,1426.3,0.807,DOWN,24.289
ICICIBANK,2026-07-31,1429.5,1440.1,0.742,UP,23.84
ICICIBANK,2026-08-03,1433.8,1437.5,0.258,UP,22.937
ICICIBANK,2026-08-04,1460.0,1448.9,0.76,DOWN,23.17
ICICIBANK,2026-08-07,1457.5,1452.8,0.322,DOWN,22.716
ICICIBANK,2026-08-10,1421.0,1440.6,1.379,UP,23.901
ICICIBANK,2026-08-11,1431.8,1423.8,0.559,DOWN,24.058
ICICIBANK,2026-08-12,1429.6,1422.4,0.504,DOWN,23.732
ICICIBANK,2026-08-13,1431.7,1420.7,0.768,DOWN,22.98
ICICIBANK,2026-08-18,1415.3,1411.1,0.297,DOWN,22.017
ICICIBANK,2026-08-19,1412.0,1408.0,0.283,DOWN,21.18
ICICIBANK,2026-08-20,1402.0,1408.1,0.435,UP,21.131
ICICIBANK,2026-08-26,1422.7,1442.0,1.357,UP,18.842
ICICIBANK,2026-08-27,1430.0,1438.3,0.58,UP,19.161
ICICIBANK,2026-08-28,1443.0,1436.7,0.437,DOWN,19.456
ICICIBANK,2026-09-01,1454.0,1444.6,0.646,DOWN,20.875
ICICIBANK,2026-09-02,1438.0,1429.8,0.57,DOWN,21.448
ICICIBANK,2026-09-03,1426.5,1443.2,1.171,UP,21.137
ICICIBANK,2026-09-07,1423.2,1427.7,0.316,UP,21.045
ICICIBANK,2026-09-08,1427.5,1420.2,0.511,DOWN,20.356
ICICIBANK,2026-09-09,1399.4,1389.1,0.736,DOWN,21.131
ICICIBANK,2026-09-11,1384.5,1369.5,1.083,DOWN,20.55
INDUSINDBK,2026-07-14,1011.7,1003.95,0.766,DOWN,24.718
INDUSINDBK,2026-07-15,997.4,1007.45,1.008,UP,24.202
INDUSINDBK,2026-07-20,1027.0,1030.3,0.321,UP,23.076
INDUSINDBK,2026-07-21,1034.0,1045.15,1.078,UP,22.674
INDUSINDBK,2026-07-22,1063.45,1060.45,0.282,DOWN,23.536
INDUSINDBK,2026-07-24,1004.0,994.0,0.996,DOWN,26.793
INDUSINDBK,2026-07-27,997.0,1007.4,1.043,UP,26.272
INDUSINDBK,2026-07-28,1006.65,997.2,0.939,DOWN,25.724
INDUSINDBK,2026-07-29,990.4,998.95,0.863,UP,25.123
INDUSINDBK,2026-07-30,1010.1,1006.75,0.332,DOWN,25.064
INDUSINDBK,2026-08-03,1010.0,1017.0,0.693,UP,24.026
INDUSINDBK,2026-08-04,1028.9,1021.2,0.748,DOWN,23.66
INDUSINDBK,2026-08-05,1026.0,1032.1,0.595,UP,22.927
INDUSINDBK,2026-08-07,1013.2,1009.7,0.345,DOWN,23.006
INDUSINDBK,2026-08-10,1022.0,1016.9,0.499,DOWN,22.827
INDUSINDBK,2026-08-11,1027.3,1021.6,0.555,DOWN,22.311
INDUSINDBK,2026-08-13,1017.5,1013.5,0.393,DOWN,21.662
INDUSINDBK,2026-08-17,1020.8,1009.9,1.068,DOWN,20.591
INDUSINDBK,2026-08-18,1010.6,1014.0,0.336,UP,20.349
INDUSINDBK,2026-08-19,1015.0,1011.1,0.384,DOWN,19.552
INDUSINDBK,2026-08-20,1016.7,1011.1,0.551,DOWN,18.791
INDUSINDBK,2026-08-21,1008.0,1003.2,0.476,DOWN,18.428
INDUSINDBK,2026-08-24,1005.6,1008.7,0.308,UP,17.89
INDUSINDBK,2026-08-27,1004.0,1000.2,0.378,DOWN,18.084
INDUSINDBK,2026-08-28,1002.9,993.9,0.897,DOWN,17.542
INDUSINDBK,2026-08-31,994.0,986.0,0.805,DOWN,17.397
INDUSINDBK,2026-09-01,1016.6,995.7,2.056,DOWN,18.711
INDUSINDBK,2026-09-02,992.6,974.8,1.793,DOWN,19.625
INDUSINDBK,2026-09-03,978.0,987.4,0.961,UP,20.316
INDUSINDBK,2026-09-04,1004.8,1000.5,0.428,DOWN,20.779
INDUSINDBK,2026-09-07,1008.5,1001.0,0.744,DOWN,20.03
INDUSINDBK,2026-09-09,997.7,994.9,0.281,DOWN,19.561
INDUSINDBK,2026-09-10,1004.0,1001.0,0.299,DOWN,19.286
INDUSINDBK,2026-09-11,993.3,983.0,1.037,DOWN,19.129
INFY,2026-07-14,1101.1,1107.0,0.536,UP,30.221
INFY,2026-07-15,1092.0,1078.5,1.236,DOWN,29.706
INFY,2026-07-16,1076.9,1082.6,0.529,UP,28.934
INFY,2026-07-17,1084.0,1111.5,2.537,UP,28.317
INFY,2026-07-20,1093.0,1097.6,0.421,UP,28.316
INFY,2026-07-21,1087.9,1083.5,0.404,DOWN,27.672
INFY,2026-07-22,1070.6,1064.3,0.588,DOWN,27.645
INFY,2026-07-23,1052.0,1041.2,1.027,DOWN,27.406
INFY,2026-07-24,1052.9,1041.9,1.045,DOWN,27.213
INFY,2026-07-27,1039.8,1061.2,2.058,UP,28.034
INFY,2026-07-28,1079.2,1107.5,2.622,UP,28.988
INFY,2026-07-30,1154.0,1183.9,2.591,UP,31.825
INFY,2026-08-03,1130.1,1139.1,0.796,UP,33.078
INFY,2026-08-04,1180.0,1163.3,1.415,DOWN,34.28
INFY,2026-08-06,1174.0,1177.1,0.264,UP,32.151
INFY,2026-08-07,1165.0,1168.4,0.292,UP,30.983
INFY,2026-08-10,1175.1,1178.6,0.298,UP,30.055
INFY,2026-08-11,1183.0,1189.6,0.558,UP,29.33
INFY,2026-08-12,1190.7,1184.7,0.504,DOWN,28.056
INFY,2026-08-13,1176.1,1164.9,0.952,DOWN,28.009
INFY,2026-08-14,1175.0,1165.2,0.834,DOWN,27.373
INFY,2026-08-17,1169.2,1159.6,0.821,DOWN,26.568
INFY,2026-08-18,1139.9,1120.4,1.711,DOWN,27.47
INFY,2026-08-19,1115.0,1126.6,1.04,UP,27.451
INFY,2026-08-20,1119.8,1133.1,1.188,UP,26.619
INFY,2026-08-21,1130.0,1120.8,0.814,DOWN,26.367
INFY,2026-08-24,1121.0,1139.8,1.677,UP,25.527
INFY,2026-08-26,1144.0,1133.3,0.935,DOWN,25.24
INFY,2026-08-27,1120.0,1123.8,0.339,UP,25.259
INFY,2026-08-28,1110.8,1132.9,1.99,UP,24.719
INFY,2026-08-31,1144.0,1118.6,2.22,DOWN,25.389
INFY,2026-09-03,1140.0,1132.9,0.623,DOWN,26.627
INFY,2026-09-04,1130.3,1143.0,1.124,UP,25.975
INFY,2026-09-07,1130.0,1109.9,1.779,DOWN,25.348
INFY,2026-09-08,1087.5,1081.3,0.57,DOWN,26.709
INFY,2026-09-10,1035.0,1037.6,0.251,UP,27.743
INFY,2026-09-11,1036.5,1045.3,0.849,UP,27.011
ITC,2026-07-15,275.3,276.6,0.472,UP,3.583
ITC,2026-07-17,279.9,278.8,0.393,DOWN,3.556
ITC,2026-07-22,281.1,280.25,0.302,DOWN,3.68
ITC,2026-07-23,281.8,280.65,0.408,DOWN,3.681
ITC,2026-07-24,281.55,280.8,0.266,DOWN,3.701
ITC,2026-07-27,284.0,287.1,1.092,UP,3.747
ITC,2026-07-28,285.6,286.4,0.28,UP,3.74
ITC,2026-07-31,285.55,284.4,0.403,DOWN,3.937
ITC,2026-08-03,281.0,288.65,2.722,UP,4.048
ITC,2026-08-04,287.0,285.05,0.679,DOWN,4.58
ITC,2026-08-05,289.0,286.75,0.779,DOWN,4.546
ITC,2026-08-06,286.95,285.95,0.348,DOWN,4.504
ITC,2026-08-11,282.65,281.25,0.495,DOWN,4.213
ITC,2026-08-12,279.0,278.15,0.305,DOWN,4.219
ITC,2026-08-14,278.5,276.95,0.557,DOWN,4.045
ITC,2026-08-17,278.2,275.7,0.899,DOWN,3.924
ITC,2026-08-19,270.0,270.75,0.278,UP,4.032
ITC,2026-08-21,271.65,270.9,0.276,DOWN,4.29
ITC,2026-08-25,268.45,269.25,0.298,UP,4.093
ITC,2026-08-28,269.0,267.6,0.52,DOWN,3.947
ITC,2026-08-31,266.0,265.15,0.32,DOWN,3.962
ITC,2026-09-01,264.4,266.15,0.662,UP,4.429
ITC,2026-09-02,266.6,263.15,1.294,DOWN,4.559
ITC,2026-09-08,263.5,264.2,0.266,UP,4.317
ITC,2026-09-09,263.5,262.65,0.323,DOWN,4.216
ITC,2026-09-10,260.8,262.6,0.69,UP,4.118
ITC,2026-09-11,259.3,260.1,0.309,UP,4.153
JSWSTEEL,2026-07-14,1237.4,1241.0,0.291,UP,23.557
JSWSTEEL,2026-07-15,1244.1,1250.6,0.522,UP,23.039
JSWSTEEL,2026-07-16,1227.3,1232.9,0.456,UP,23.336
JSWSTEEL,2026-07-17,1220.4,1229.2,0.721,UP,22.619
JSWSTEEL,2026-07-20,1231.0,1250.0,1.543,UP,22.811
JSWSTEEL,2026-07-21,1255.5,1265.1,0.765,UP,23.724
JSWSTEEL,2026-07-24,1248.8,1234.7,1.129,DOWN,23.646
JSWSTEEL,2026-07-27,1241.0,1245.7,0.379,UP,23.428
JSWSTEEL,2026-07-29,1246.0,1257.0,0.883,UP,22.297
JSWSTEEL,2026-07-31,1270.6,1278.8,0.645,UP,22.757
JSWSTEEL,2026-08-03,1270.0,1284.2,1.118,UP,22.332
JSWSTEEL,2026-08-04,1292.3,1284.5,0.604,DOWN,22.365
JSWSTEEL,2026-08-06,1330.0,1320.8,0.692,DOWN,23.815
JSWSTEEL,2026-08-10,1299.5,1303.2,0.285,UP,23.894
JSWSTEEL,2026-08-11,1302.0,1298.3,0.284,DOWN,23.294
JSWSTEEL,2026-08-14,1275.0,1265.1,0.776,DOWN,22.399
JSWSTEEL,2026-08-17,1270.0,1251.5,1.457,DOWN,21.935
JSWSTEEL,2026-08-18,1277.8,1281.4,0.282,UP,22.89
JSWSTEEL,2026-08-19,1267.6,1264.4,0.252,DOWN,22.705
JSWSTEEL,2026-08-20,1285.8,1292.8,0.544,UP,22.776
JSWSTEEL,2026-08-21,1299.7,1293.4,0.485,DOWN,23.228
JSWSTEEL,2026-08-24,1293.7,1301.2,0.58,UP,22.933
JSWSTEEL,2026-08-25,1315.8,1325.0,0.699,UP,23.409
JSWSTEEL,2026-08-26,1320.3,1312.6,0.583,DOWN,22.887
JSWSTEEL,2026-08-27,1341.0,1345.1,0.306,UP,23.366
JSWSTEEL,2026-08-28,1337.5,1341.2,0.277,UP,22.755
JSWSTEEL,2026-08-31,1334.9,1310.9,1.798,DOWN,22.708
JSWSTEEL,2026-09-01,1307.7,1319.0,0.864,UP,23.314
JSWSTEEL,2026-09-02,1313.5,1309.0,0.343,DOWN,23.02
JSWSTEEL,2026-09-03,1306.0,1314.0,0.613,UP,22.376
JSWSTEEL,2026-09-07,1325.0,1316.9,0.611,DOWN,23.5
JSWSTEEL,2026-09-08,1302.0,1306.7,0.361,UP,23.529
JSWSTEEL,2026-09-10,1310.0,1304.0,0.458,DOWN,23.197
JSWSTEEL,2026-09-11,1304.0,1278.8,1.933,DOWN,22.819
KOTAKBANK,2026-07-14,385.05,380.45,1.195,DOWN,8.443
KOTAKBANK,2026-07-15,378.05,380.7,0.701,UP,8.479
KOTAKBANK,2026-07-16,378.45,379.45,0.264,UP,8.338
KOTAKBANK,2026-07-17,376.7,377.75,0.279,UP,8.064
KOTAKBANK,2026-07-21,381.7,383.8,0.55,UP,8.973
KOTAKBANK,2026-07-22,385.95,383.7,0.583,DOWN,8.75
KOTAKBANK,2026-07-23,382.5,380.9,0.418,DOWN,8.679
KOTAKBANK,2026-07-24,383.35,381.65,0.443,DOWN,8.459
KOTAKBANK,2026-07-27,383.85,387.9,1.055,UP,8.255
KOTAKBANK,2026-07-28,384.65,385.95,0.338,UP,8.022
KOTAKBANK,2026-07-29,385.3,387.4,0.545,UP,7.724
KOTAKBANK,2026-07-30,390.2,388.55,0.423,DOWN,7.669
KOTAKBANK,2026-08-03,388.0,392.4,1.134,UP,7.012
KOTAKBANK,2026-08-05,398.0,396.85,0.289,DOWN,7.112
KOTAKBANK,2026-08-06,400.0,397.2,0.7,DOWN,7.0
KOTAKBANK,2026-08-10,390.75,392.15,0.358,UP,6.89
KOTAKBANK,2026-08-11,393.5,389.8,0.94,DOWN,6.89
KOTAKBANK,2026-08-12,392.9,389.3,0.916,DOWN,6.77
KOTAKBANK,2026-08-14,392.4,391.3,0.28,DOWN,6.537
KOTAKBANK,2026-08-18,392.7,391.6,0.28,DOWN,6.282
KOTAKBANK,2026-08-20,390.25,395.5,1.345,UP,6.105
KOTAKBANK,2026-08-21,397.35,399.35,0.503,UP,6.329
KOTAKBANK,2026-08-25,401.45,399.6,0.461,DOWN,6.478
KOTAKBANK,2026-08-26,401.6,402.7,0.274,UP,6.226
KOTAKBANK,2026-08-27,416.7,420.15,0.828,UP,6.896
KOTAKBANK,2026-08-28,424.35,422.5,0.436,DOWN,7.186
KOTAKBANK,2026-09-01,419.4,424.5,1.216,UP,6.917
KOTAKBANK,2026-09-02,425.0,423.3,0.4,DOWN,7.116
KOTAKBANK,2026-09-03,423.5,424.75,0.295,UP,7.086
KOTAKBANK,2026-09-04,421.15,423.5,0.558,UP,6.98
KOTAKBANK,2026-09-07,424.5,422.45,0.483,DOWN,6.821
KOTAKBANK,2026-09-11,416.55,409.95,1.584,DOWN,6.246
LT,2026-07-14,3926.0,3871.2,1.396,DOWN,71.929
LT,2026-07-15,3846.0,3859.2,0.343,UP,72.605
LT,2026-07-22,3850.0,3835.0,0.39,DOWN,65.537
LT,2026-07-23,3817.4,3799.9,0.458,DOWN,63.949
LT,2026-07-24,3791.0,3767.5,0.62,DOWN,62.917
LT,2026-07-27,3789.7,3815.9,0.691,UP,64.466
LT,2026-07-28,3807.0,3822.4,0.405,UP,63.261
LT,2026-07-30,3931.4,3920.0,0.29,DOWN,68.017
LT,2026-07-31,3937.7,3958.6,0.531,UP,67.945
LT,2026-08-03,3938.0,3978.5,1.028,UP,65.62
LT,2026-08-04,4025.0,3996.8,0.701,DOWN,67.147
LT,2026-08-05,3990.0,4063.9,1.852,UP,66.065
LT,2026-08-10,4056.0,4036.0,0.493,DOWN,61.982
LT,2026-08-11,4080.0,4054.9,0.615,DOWN,61.398
LT,2026-08-12,4037.4,4017.4,0.495,DOWN,60.669
LT,2026-08-17,4057.0,4030.8,0.646,DOWN,59.533
LT,2026-08-18,4086.7,4062.1,0.602,DOWN,59.616
LT,2026-08-19,4064.3,4053.2,0.273,DOWN,57.886
LT,2026-08-20,4041.3,4065.8,0.606,UP,56.559
LT,2026-08-26,4119.0,4094.0,0.607,DOWN,52.244
LT,2026-08-28,4027.0,4048.6,0.536,UP,52.948
LT,2026-08-31,4045.8,3999.6,1.142,DOWN,51.695
LT,2026-09-01,4044.9,4020.1,0.613,DOWN,52.967
LT,2026-09-03,3981.0,4004.1,0.58,UP,53.168
LT,2026-09-08,3999.0,3976.2,0.57,DOWN,50.587
LT,2026-09-09,3946.1,3991.4,1.148,UP,50.752
LT,2026-09-10,3922.6,3936.5,0.354,UP,54.084
LT,2026-09-11,3955.0,3891.4,1.608,DOWN,54.171
M&M,2026-07-14,3160.4,3113.1,1.497,DOWN,75.264
M&M,2026-07-16,3087.0,3113.7,0.865,UP,72.923
M&M,2026-07-17,3117.8,3148.6,0.988,UP,71.928
M&M,2026-07-20,3179.2,3150.7,0.896,DOWN,71.455
M&M,2026-07-24,3229.7,3202.8,0.833,DOWN,67.909
M&M,2026-07-27,3165.0,3191.6,0.84,UP,69.809
M&M,2026-07-29,3270.5,3312.3,1.278,UP,69.449
M&M,2026-07-30,3221.8,3239.8,0.559,UP,72.224
M&M,2026-07-31,3286.1,3340.1,1.643,UP,75.973
M&M,2026-08-03,3392.1,3420.1,0.825,UP,82.753
M&M,2026-08-04,3428.6,3407.0,0.63,DOWN,80.092
M&M,2026-08-05,3433.0,3477.1,1.285,UP,77.893
M&M,2026-08-06,3455.4,3424.1,0.906,DOWN,76.1
M&M,2026-08-10,3502.0,3520.4,0.525,UP,75.643
M&M,2026-08-11,3517.0,3496.1,0.594,DOWN,72.561
M&M,2026-08-12,3460.1,3441.9,0.526,DOWN,71.735
M&M,2026-08-13,3403.6,3423.8,0.593,UP,71.483
M&M,2026-08-14,3428.2,3403.7,0.715,DOWN,69.341
M&M,2026-08-17,3428.3,3440.6,0.359,UP,67.867
M&M,2026-08-18,3390.4,3406.3,0.469,UP,66.983
M&M,2026-08-19,3421.5,3388.4,0.967,DOWN,65.306
M&M,2026-08-20,3415.0,3401.3,0.401,DOWN,64.513
M&M,2026-08-24,3412.2,3422.0,0.287,UP,61.259
M&M,2026-08-26,3443.0,3429.7,0.386,DOWN,59.057
M&M,2026-08-28,3330.0,3316.4,0.408,DOWN,59.382
M&M,2026-08-31,3334.0,3320.6,0.402,DOWN,58.641
M&M,2026-09-01,3282.0,3328.0,1.402,UP,60.381
M&M,2026-09-02,3259.0,3185.0,2.271,DOWN,64.189
M&M,2026-09-07,3170.0,3156.0,0.442,DOWN,63.884
M&M,2026-09-08,3160.0,3126.8,1.051,DOWN,61.428
M&M,2026-09-09,3160.0,3136.7,0.737,DOWN,61.755
M&M,2026-09-10,3150.0,3118.2,1.01,DOWN,60.337
M&M,2026-09-11,3123.8,3074.8,1.569,DOWN,59.67
MARUTI,2026-07-14,13699.0,13650.0,0.358,DOWN,359.0
MARUTI,2026-07-15,13486.0,13539.0,0.393,UP,349.286
MARUTI,2026-07-16,13583.0,13786.0,1.495,UP,336.265
MARUTI,2026-07-17,13799.0,13845.0,0.333,UP,330.818
MARUTI,2026-07-20,13800.0,13741.0,0.428,DOWN,318.402
MARUTI,2026-07-21,13514.0,13423.0,0.673,DOWN,325.873
MARUTI,2026-07-22,13640.0,13679.0,0.286,UP,324.525
MARUTI,2026-07-24,13403.0,13295.0,0.806,DOWN,307.213
MARUTI,2026-07-27,13449.0,13549.0,0.744,UP,306.341
MARUTI,2026-07-29,13805.0,13852.0,0.34,UP,297.411
MARUTI,2026-07-31,14180.0,14287.0,0.755,UP,297.855
MARUTI,2026-08-04,14150.0,14061.0,0.629,DOWN,296.594
MARUTI,2026-08-05,14168.0,14223.0,0.388,UP,289.552
MARUTI,2026-08-06,14190.0,14105.0,0.599,DOWN,280.012
MARUTI,2026-08-07,14080.0,13933.0,1.044,DOWN,274.654
MARUTI,2026-08-10,14037.0,14075.0,0.271,UP,268.607
MARUTI,2026-08-14,13905.0,13831.0,0.532,DOWN,237.256
MARUTI,2026-08-18,13760.0,13834.0,0.538,UP,225.353
MARUTI,2026-08-21,13809.0,13758.0,0.369,DOWN,209.789
MARUTI,2026-08-24,13565.0,13611.0,0.339,UP,212.233
MARUTI,2026-09-01,13547.0,13440.0,0.79,DOWN,205.83
MARUTI,2026-09-02,12950.0,12802.0,1.143,DOWN,240.77
MARUTI,2026-09-03,12849.0,12814.0,0.272,DOWN,245.715
MARUTI,2026-09-04,12857.0,12784.0,0.568,DOWN,238.307
MARUTI,2026-09-07,12694.0,12659.0,0.276,DOWN,235.642
MARUTI,2026-09-08,12760.0,12702.0,0.455,DOWN,232.525
MARUTI,2026-09-11,12590.0,12442.0,1.176,DOWN,216.293
NESTLEIND,2026-07-14,1428.0,1441.0,0.91,UP,29.079
NESTLEIND,2026-07-15,1422.0,1433.6,0.816,UP,28.894
NESTLEIND,2026-07-16,1422.9,1428.2,0.372,UP,28.366
NESTLEIND,2026-07-17,1423.5,1415.9,0.534,DOWN,27.654
NESTLEIND,2026-07-20,1421.6,1428.2,0.464,UP,26.822
NESTLEIND,2026-07-21,1446.3,1458.6,0.85,UP,27.327
NESTLEIND,2026-07-22,1451.9,1467.4,1.068,UP,26.661
NESTLEIND,2026-07-23,1499.0,1485.9,0.874,DOWN,28.9
NESTLEIND,2026-07-24,1446.6,1433.6,0.899,DOWN,30.935
NESTLEIND,2026-07-27,1440.1,1454.2,0.979,UP,31.197
NESTLEIND,2026-07-28,1446.1,1461.8,1.086,UP,30.819
NESTLEIND,2026-07-29,1492.3,1498.5,0.415,UP,32.982
NESTLEIND,2026-07-30,1505.0,1519.0,0.93,UP,32.29
NESTLEIND,2026-08-03,1509.6,1514.7,0.338,UP,31.361
NESTLEIND,2026-08-04,1530.0,1523.0,0.458,DOWN,30.835
NESTLEIND,2026-08-05,1520.0,1494.9,1.651,DOWN,34.768
NESTLEIND,2026-08-06,1520.0,1530.5,0.691,UP,34.785
NESTLEIND,2026-08-07,1535.0,1540.9,0.384,UP,33.479
NESTLEIND,2026-08-10,1540.0,1544.1,0.266,UP,32.359
NESTLEIND,2026-08-12,1493.2,1511.9,1.252,UP,32.258
NESTLEIND,2026-08-18,1470.0,1477.5,0.51,UP,30.0
NESTLEIND,2026-08-19,1462.5,1474.2,0.8,UP,29.379
NESTLEIND,2026-08-20,1465.0,1471.1,0.416,UP,28.995
NESTLEIND,2026-08-21,1458.0,1463.1,0.35,UP,28.574
NESTLEIND,2026-08-24,1477.1,1472.0,0.345,DOWN,28.983
NESTLEIND,2026-08-25,1465.2,1471.0,0.396,UP,28.37
NESTLEIND,2026-08-26,1479.0,1470.3,0.588,DOWN,27.772
NESTLEIND,2026-08-27,1451.5,1461.3,0.675,UP,27.781
NESTLEIND,2026-08-31,1454.6,1432.7,1.506,DOWN,26.52
NESTLEIND,2026-09-02,1438.2,1419.3,1.314,DOWN,31.696
NESTLEIND,2026-09-03,1425.0,1416.6,0.589,DOWN,31.253
NESTLEIND,2026-09-04,1416.0,1408.7,0.516,DOWN,30.242
NESTLEIND,2026-09-07,1410.5,1403.5,0.496,DOWN,29.289
NESTLEIND,2026-09-08,1398.0,1403.3,0.379,UP,28.454
NESTLEIND,2026-09-11,1386.2,1381.8,0.317,DOWN,26.042
NTPC,2026-07-15,348.7,347.05,0.473,DOWN,6.055
NTPC,2026-07-20,341.5,342.5,0.293,UP,5.684
NTPC,2026-07-22,348.8,346.8,0.573,DOWN,5.764
NTPC,2026-07-23,350.4,347.9,0.713,DOWN,5.71
NTPC,2026-07-27,347.35,349.75,0.691,UP,5.509
NTPC,2026-07-28,349.95,347.55,0.686,DOWN,5.408
NTPC,2026-07-29,343.75,344.8,0.305,UP,5.582
NTPC,2026-07-31,345.15,346.25,0.319,UP,5.414
NTPC,2026-08-03,347.25,348.55,0.374,UP,5.316
NTPC,2026-08-04,350.9,347.35,1.012,DOWN,5.322
NTPC,2026-08-06,349.9,346.95,0.843,DOWN,5.652
NTPC,2026-08-07,345.0,346.45,0.42,UP,5.731
NTPC,2026-08-10,342.5,343.45,0.277,UP,5.636
NTPC,2026-08-11,340.45,339.3,0.338,DOWN,5.69
NTPC,2026-08-14,344.25,342.9,0.392,DOWN,5.604
NTPC,2026-08-17,340.0,338.1,0.559,DOWN,5.671
NTPC,2026-08-18,337.0,337.95,0.282,UP,5.57
NTPC,2026-08-19,337.1,338.35,0.371,UP,5.347
NTPC,2026-08-21,337.5,339.45,0.578,UP,5.32
NTPC,2026-08-24,340.0,341.0,0.294,UP,5.322
NTPC,2026-08-25,339.5,338.1,0.412,DOWN,5.252
NTPC,2026-08-26,339.85,340.75,0.265,UP,5.167
NTPC,2026-08-28,330.9,329.35,0.468,DOWN,5.541
NTPC,2026-08-31,330.05,324.55,1.666,DOWN,5.441
NTPC,2026-09-02,327.5,322.65,1.481,DOWN,5.355
NTPC,2026-09-07,332.5,331.5,0.301,DOWN,5.351
NTPC,2026-09-08,332.0,330.6,0.422,DOWN,5.155
NTPC,2026-09-09,330.8,332.6,0.544,UP,5.105
NTPC,2026-09-11,335.0,334.0,0.299,DOWN,4.996
ONGC,2026-07-14,247.99,250.25,0.911,UP,4.841
ONGC,2026-07-15,248.9,247.8,0.442,DOWN,4.749
ONGC,2026-07-17,246.45,247.11,0.268,UP,4.422
ONGC,2026-07-20,247.47,250.85,1.366,UP,4.215
ONGC,2026-07-21,249.8,251.0,0.48,UP,4.266
ONGC,2026-07-22,249.75,251.69,0.777,UP,4.157
ONGC,2026-07-23,251.9,253.27,0.544,UP,4.074
ONGC,2026-07-27,249.0,245.27,1.498,DOWN,3.901
ONGC,2026-07-29,238.2,239.39,0.5,UP,4.354
ONGC,2026-07-30,238.31,241.37,1.284,UP,4.185
ONGC,2026-07-31,241.49,239.92,0.65,DOWN,4.318
ONGC,2026-08-03,242.29,241.43,0.355,DOWN,4.347
ONGC,2026-08-05,242.0,240.8,0.496,DOWN,4.085
ONGC,2026-08-06,240.2,238.74,0.608,DOWN,4.014
ONGC,2026-08-07,237.4,238.48,0.455,UP,3.988
ONGC,2026-08-10,238.85,241.0,0.9,UP,4.032
ONGC,2026-08-11,239.84,242.26,1.009,UP,3.942
ONGC,2026-08-12,239.45,240.81,0.568,UP,3.959
ONGC,2026-08-13,239.05,239.83,0.326,UP,3.837
ONGC,2026-08-14,239.9,239.16,0.308,DOWN,3.704
ONGC,2026-08-17,236.4,237.45,0.444,UP,3.771
ONGC,2026-08-18,238.49,239.81,0.553,UP,3.72
ONGC,2026-08-19,239.5,240.35,0.355,UP,3.655
ONGC,2026-08-20,238.0,236.58,0.597,DOWN,3.724
ONGC,2026-08-25,236.55,235.81,0.313,DOWN,3.579
ONGC,2026-08-26,234.0,231.79,0.944,DOWN,3.552
ONGC,2026-08-27,232.21,233.67,0.629,UP,3.463
ONGC,2026-08-28,232.0,232.87,0.375,UP,3.433
ONGC,2026-08-31,232.25,233.77,0.654,UP,3.335
ONGC,2026-09-01,231.8,234.75,1.273,UP,3.285
ONGC,2026-09-04,236.0,234.13,0.792,DOWN,3.345
ONGC,2026-09-07,234.65,234.05,0.256,DOWN,3.261
ONGC,2026-09-09,236.0,238.86,1.212,UP,3.344
ONGC,2026-09-10,234.02,239.65,2.406,UP,3.478
ONGC,2026-09-11,237.27,241.3,1.698,UP,3.643
POWERGRID,2026-07-24,290.2,288.8,0.482,DOWN,4.459
POWERGRID,2026-07-28,288.85,286.35,0.866,DOWN,4.324
POWERGRID,2026-07-29,285.3,284.35,0.333,DOWN,4.426
POWERGRID,2026-07-30,282.85,284.1,0.442,UP,4.413
POWERGRID,2026-08-03,284.0,285.75,0.616,UP,4.341
POWERGRID,2026-08-04,287.0,285.7,0.453,DOWN,4.245
POWERGRID,2026-08-06,281.75,276.8,1.757,DOWN,4.273
POWERGRID,2026-08-10,271.6,270.45,0.423,DOWN,4.719
POWERGRID,2026-08-11,270.1,269.1,0.37,DOWN,4.579
POWERGRID,2026-08-12,267.95,267.25,0.261,DOWN,4.494
POWERGRID,2026-08-13,269.45,267.65,0.668,DOWN,4.398
POWERGRID,2026-08-18,266.15,267.2,0.395,UP,3.981
POWERGRID,2026-08-19,268.0,266.9,0.41,DOWN,3.9
POWERGRID,2026-08-21,264.8,266.75,0.736,UP,4.022
POWERGRID,2026-08-24,272.4,271.25,0.422,DOWN,4.528
POWERGRID,2026-08-26,271.0,269.3,0.627,DOWN,4.354
POWERGRID,2026-08-27,265.2,264.15,0.396,DOWN,4.461
POWERGRID,2026-08-31,266.05,263.25,1.052,DOWN,4.277
POWERGRID,2026-09-01,263.55,262.75,0.304,DOWN,4.171
POWERGRID,2026-09-02,264.55,263.55,0.378,DOWN,4.073
POWERGRID,2026-09-03,266.8,268.8,0.75,UP,4.197
POWERGRID,2026-09-04,265.6,266.3,0.264,UP,4.2
POWERGRID,2026-09-07,266.0,264.8,0.451,DOWN,4.05
POWERGRID,2026-09-09,265.75,266.45,0.263,UP,4.049
RELIANCE,2026-07-15,1293.0,1297.7,0.363,UP,20.633
RELIANCE,2026-07-17,1300.9,1309.3,0.646,UP,20.174
RELIANCE,2026-07-20,1329.0,1332.7,0.278,UP,20.833
RELIANCE,2026-07-21,1321.9,1317.1,0.363,DOWN,21.138
RELIANCE,2026-07-22,1304.4,1300.8,0.276,DOWN,20.992
RELIANCE,2026-07-24,1272.5,1268.4,0.322,DOWN,20.991
RELIANCE,2026-07-27,1280.3,1283.9,0.281,UP,20.892
RELIANCE,2026-07-28,1280.0,1276.3,0.289,DOWN,20.035
RELIANCE,2026-07-30,1275.9,1280.4,0.353,UP,19.126
RELIANCE,2026-07-31,1292.9,1296.7,0.294,UP,19.26
RELIANCE,2026-08-03,1307.8,1311.8,0.306,UP,19.056
RELIANCE,2026-08-04,1319.0,1307.0,0.91,DOWN,18.602
RELIANCE,2026-08-05,1290.9,1294.4,0.271,UP,19.466
RELIANCE,2026-08-06,1280.0,1296.1,1.258,UP,19.89
RELIANCE,2026-08-10,1334.8,1328.4,0.479,DOWN,21.543
RELIANCE,2026-08-11,1327.3,1315.8,0.866,DOWN,20.919
RELIANCE,2026-08-12,1323.9,1318.5,0.408,DOWN,20.432
RELIANCE,2026-08-13,1329.0,1315.0,1.053,DOWN,20.344
RELIANCE,2026-08-14,1317.0,1310.1,0.524,DOWN,20.433
RELIANCE,2026-08-19,1322.0,1318.3,0.28,DOWN,19.869
RELIANCE,2026-08-26,1317.0,1309.6,0.562,DOWN,17.934
RELIANCE,2026-08-27,1298.0,1303.7,0.439,UP,18.01
RELIANCE,2026-08-28,1282.2,1286.6,0.343,UP,18.373
RELIANCE,2026-08-31,1287.0,1274.0,1.01,DOWN,17.832
RELIANCE,2026-09-01,1277.0,1284.9,0.619,UP,18.444
RELIANCE,2026-09-02,1309.0,1299.8,0.703,DOWN,19.605
RELIANCE,2026-09-04,1302.5,1319.2,1.282,UP,19.783
RELIANCE,2026-09-08,1309.5,1303.1,0.489,DOWN,20.423
RELIANCE,2026-09-09,1294.9,1281.1,1.066,DOWN,20.5
RELIANCE,2026-09-10,1279.0,1283.6,0.36,UP,20.172
RELIANCE,2026-09-11,1274.0,1264.0,0.785,DOWN,19.924
SBILIFE,2026-07-14,1855.9,1848.5,0.399,DOWN,37.9
SBILIFE,2026-07-15,1840.3,1854.5,0.772,UP,37.05
SBILIFE,2026-07-16,1868.5,1860.3,0.439,DOWN,37.211
SBILIFE,2026-07-21,1824.5,1833.2,0.477,UP,37.062
SBILIFE,2026-07-22,1827.9,1814.4,0.739,DOWN,35.7
SBILIFE,2026-07-23,1805.0,1811.9,0.382,UP,35.343
SBILIFE,2026-07-24,1853.5,1846.7,0.367,DOWN,36.854
SBILIFE,2026-07-28,1867.1,1875.0,0.423,UP,38.027
SBILIFE,2026-07-29,1885.0,1896.9,0.631,UP,37.197
SBILIFE,2026-07-30,1896.0,1907.5,0.607,UP,35.847
SBILIFE,2026-07-31,1872.2,1885.9,0.732,UP,36.522
SBILIFE,2026-08-04,1915.0,1877.2,1.974,DOWN,35.725
SBILIFE,2026-08-05,1899.0,1877.9,1.111,DOWN,37.302
SBILIFE,2026-08-11,1855.0,1842.4,0.679,DOWN,33.921
SBILIFE,2026-08-12,1837.6,1823.2,0.784,DOWN,34.32
SBILIFE,2026-08-13,1830.0,1813.6,0.896,DOWN,33.34
SBILIFE,2026-08-14,1812.0,1803.7,0.458,DOWN,32.708
SBILIFE,2026-08-18,1790.4,1784.7,0.318,DOWN,30.768
SBILIFE,2026-08-19,1778.0,1764.7,0.748,DOWN,29.613
SBILIFE,2026-08-21,1782.0,1772.7,0.522,DOWN,29.393
SBILIFE,2026-08-24,1792.9,1798.7,0.323,UP,28.965
SBILIFE,2026-08-26,1755.0,1776.3,1.214,UP,29.314
SBILIFE,2026-08-27,1768.2,1773.4,0.294,UP,29.613
SBILIFE,2026-08-28,1773.2,1760.1,0.739,DOWN,29.734
SBILIFE,2026-08-31,1761.1,1743.1,1.022,DOWN,29.41
SBILIFE,2026-09-02,1739.3,1722.0,0.995,DOWN,28.596
SBILIFE,2026-09-03,1719.9,1730.1,0.593,UP,28.196
SBILIFE,2026-09-04,1715.0,1719.5,0.262,UP,28.168
SBILIFE,2026-09-07,1775.0,1756.7,1.031,DOWN,30.441
SBILIFE,2026-09-11,1700.6,1677.5,1.358,DOWN,31.275
SBIN,2026-07-14,1036.7,1027.3,0.907,DOWN,18.782
SBIN,2026-07-15,1013.4,1018.5,0.503,UP,19.233
SBIN,2026-07-17,1031.0,1034.3,0.32,UP,18.691
SBIN,2026-07-20,1043.2,1051.9,0.834,UP,18.563
SBIN,2026-07-21,1060.6,1064.3,0.349,UP,19.001
SBIN,2026-07-22,1044.0,1034.9,0.872,DOWN,19.351
SBIN,2026-07-23,1025.0,1017.9,0.693,DOWN,19.726
SBIN,2026-07-24,1013.0,1009.1,0.385,DOWN,19.638
SBIN,2026-07-27,1011.4,1022.0,1.048,UP,19.436
SBIN,2026-07-29,1013.6,1019.2,0.552,UP,18.357
SBIN,2026-07-30,1013.3,1010.5,0.276,DOWN,17.617
SBIN,2026-07-31,1025.3,1032.0,0.653,UP,17.602
SBIN,2026-08-03,1027.4,1034.0,0.642,UP,17.016
SBIN,2026-08-04,1045.0,1035.6,0.9,DOWN,17.515
SBIN,2026-08-07,1085.0,1080.0,0.461,DOWN,18.085
SBIN,2026-08-11,1071.0,1064.0,0.654,DOWN,20.906
SBIN,2026-08-12,1066.0,1068.7,0.253,UP,20.049
SBIN,2026-08-14,1083.0,1076.6,0.591,DOWN,19.388
SBIN,2026-08-17,1067.7,1057.0,1.002,DOWN,19.267
SBIN,2026-08-18,1061.2,1064.3,0.292,UP,19.034
SBIN,2026-08-19,1053.0,1048.9,0.389,DOWN,18.481
SBIN,2026-08-24,1048.7,1044.7,0.381,DOWN,17.005
SBIN,2026-08-25,1039.5,1036.9,0.25,DOWN,16.976
SBIN,2026-08-26,1048.0,1055.0,0.668,UP,16.799
SBIN,2026-08-31,1047.5,1039.5,0.764,DOWN,15.704
SBIN,2026-09-01,1060.0,1048.3,1.104,DOWN,16.403
SBIN,2026-09-02,1034.5,1026.3,0.793,DOWN,17.539
SBIN,2026-09-03,1020.9,1029.5,0.842,UP,17.565
SBIN,2026-09-09,1008.0,997.3,1.062,DOWN,16.453
SBIN,2026-09-10,1000.5,1009.9,0.94,UP,16.342
SBIN,2026-09-11,1009.7,994.6,1.495,DOWN,15.974
SHRIRAMFIN,2026-07-14,1048.0,1025.4,2.156,DOWN,27.05
SHRIRAMFIN,2026-07-15,1013.0,1032.0,1.876,UP,28.046
SHRIRAMFIN,2026-07-16,1032.1,1036.4,0.417,UP,28.6
SHRIRAMFIN,2026-07-20,1025.0,1021.6,0.332,DOWN,26.948
SHRIRAMFIN,2026-07-21,1034.6,1046.4,1.141,UP,26.359
SHRIRAMFIN,2026-07-24,1025.5,1005.9,1.911,DOWN,28.288
SHRIRAMFIN,2026-07-28,1038.2,1043.6,0.52,UP,30.592
SHRIRAMFIN,2026-07-30,1043.9,1038.9,0.479,DOWN,28.275
SHRIRAMFIN,2026-07-31,1028.8,1044.7,1.545,UP,27.991
SHRIRAMFIN,2026-08-03,1046.4,1065.6,1.835,UP,27.835
SHRIRAMFIN,2026-08-04,1090.2,1085.6,0.422,DOWN,29.318
SHRIRAMFIN,2026-08-05,1087.3,1099.9,1.159,UP,28.309
SHRIRAMFIN,2026-08-07,1139.0,1126.9,1.062,DOWN,29.031
SHRIRAMFIN,2026-08-11,1135.0,1126.8,0.722,DOWN,28.987
SHRIRAMFIN,2026-08-12,1129.9,1126.9,0.266,DOWN,27.902
SHRIRAMFIN,2026-08-13,1117.2,1125.1,0.707,UP,27.18
SHRIRAMFIN,2026-08-19,1108.4,1104.9,0.316,DOWN,25.53
SHRIRAMFIN,2026-08-20,1106.0,1123.2,1.555,UP,24.749
SHRIRAMFIN,2026-08-21,1128.2,1135.3,0.629,UP,25.081
SHRIRAMFIN,2026-08-26,1138.5,1115.7,2.003,DOWN,24.041
SHRIRAMFIN,2026-08-27,1117.5,1120.8,0.295,UP,24.231
SHRIRAMFIN,2026-08-28,1101.0,1095.7,0.481,DOWN,24.614
SHRIRAMFIN,2026-08-31,1086.9,1071.3,1.435,DOWN,24.099
SHRIRAMFIN,2026-09-01,1109.9,1079.2,2.766,DOWN,25.928
SHRIRAMFIN,2026-09-02,1059.1,1033.5,2.417,DOWN,28.247
SHRIRAMFIN,2026-09-08,1037.0,1022.8,1.369,DOWN,25.661
SHRIRAMFIN,2026-09-09,1029.0,1024.1,0.476,DOWN,25.235
SHRIRAMFIN,2026-09-10,1029.0,1022.3,0.651,DOWN,24.354
SHRIRAMFIN,2026-09-11,1038.0,1017.8,1.946,DOWN,23.879
SUNPHARMA,2026-07-14,1921.4,1932.4,0.572,UP,32.821
SUNPHARMA,2026-07-15,1942.6,1950.4,0.402,UP,32.563
SUNPHARMA,2026-07-17,1950.1,1941.0,0.467,DOWN,30.439
SUNPHARMA,2026-07-20,1932.6,1943.4,0.559,UP,30.372
SUNPHARMA,2026-07-21,1958.0,1944.2,0.705,DOWN,30.059
SUNPHARMA,2026-07-22,1961.9,1942.1,1.009,DOWN,29.834
SUNPHARMA,2026-07-23,1944.0,1933.3,0.55,DOWN,29.896
SUNPHARMA,2026-07-29,1976.7,1982.0,0.268,UP,29.5
SUNPHARMA,2026-07-30,1989.9,2009.5,0.985,UP,29.678
SUNPHARMA,2026-07-31,2005.0,2014.3,0.464,UP,29.516
SUNPHARMA,2026-08-03,1987.0,1954.3,1.646,DOWN,33.122
SUNPHARMA,2026-08-04,1963.5,1953.6,0.504,DOWN,34.449
SUNPHARMA,2026-08-05,1964.0,1948.7,0.779,DOWN,33.195
SUNPHARMA,2026-08-06,1940.0,1949.7,0.5,UP,32.938
SUNPHARMA,2026-08-10,1945.0,1961.0,0.823,UP,32.343
SUNPHARMA,2026-08-13,1944.0,1937.4,0.34,DOWN,30.097
SUNPHARMA,2026-08-17,1930.0,1920.0,0.518,DOWN,28.199
SUNPHARMA,2026-08-18,1882.0,1889.3,0.388,UP,29.685
SUNPHARMA,2026-08-19,1875.1,1891.0,0.848,UP,29.757
SUNPHARMA,2026-08-20,1900.0,1905.8,0.305,UP,29.41
SUNPHARMA,2026-08-21,1904.0,1910.3,0.331,UP,28.417
SUNPHARMA,2026-08-24,1902.4,1895.9,0.342,DOWN,28.265
SUNPHARMA,2026-08-25,1910.0,1901.1,0.466,DOWN,28.175
SUNPHARMA,2026-08-26,1922.0,1912.2,0.51,DOWN,27.727
SUNPHARMA,2026-08-27,1899.5,1910.5,0.579,UP,27.382
SUNPHARMA,2026-08-31,1920.0,1914.3,0.297,DOWN,26.636
SUNPHARMA,2026-09-01,1984.8,1938.9,2.313,DOWN,30.412
SUNPHARMA,2026-09-02,1929.0,1935.0,0.311,UP,32.761
SUNPHARMA,2026-09-03,1931.7,1926.8,0.254,DOWN,32.378
SUNPHARMA,2026-09-08,1895.0,1885.4,0.507,DOWN,30.092
SUNPHARMA,2026-09-09,1885.9,1895.7,0.52,UP,29.235
SUNPHARMA,2026-09-11,1861.0,1849.0,0.645,DOWN,29.208
TATACONSUM,2026-07-14,1098.6,1102.5,0.355,UP,25.807
TATACONSUM,2026-07-16,1084.0,1088.0,0.369,UP,24.743
TATACONSUM,2026-07-21,1092.1,1095.1,0.275,UP,22.699
TATACONSUM,2026-07-22,1080.1,1085.8,0.528,UP,22.256
TATACONSUM,2026-07-23,1094.9,1105.4,0.959,UP,22.666
TATACONSUM,2026-07-24,1107.7,1104.5,0.289,DOWN,22.19
TATACONSUM,2026-07-27,1092.0,1115.7,2.17,UP,23.262
TATACONSUM,2026-07-28,1107.4,1104.3,0.28,DOWN,23.294
TATACONSUM,2026-07-29,1087.6,1093.8,0.57,UP,24.287
TATACONSUM,2026-07-30,1092.8,1100.8,0.732,UP,23.902
TATACONSUM,2026-08-03,1083.0,1088.4,0.499,UP,22.635
TATACONSUM,2026-08-04,1110.0,1093.8,1.459,DOWN,22.947
TATACONSUM,2026-08-05,1092.0,1086.9,0.467,DOWN,23.43
TATACONSUM,2026-08-06,1096.3,1091.5,0.438,DOWN,22.67
TATACONSUM,2026-08-10,1082.3,1085.5,0.296,UP,21.317
TATACONSUM,2026-08-11,1108.7,1095.8,1.164,DOWN,21.758
TATACONSUM,2026-08-12,1078.0,1073.4,0.427,DOWN,22.526
TATACONSUM,2026-08-19,1061.6,1066.0,0.414,UP,21.482
TATACONSUM,2026-08-20,1068.0,1070.8,0.262,UP,20.862
TATACONSUM,2026-08-21,1056.3,1059.1,0.265,UP,20.657
TATACONSUM,2026-08-25,1057.4,1060.8,0.322,UP,20.01
TATACONSUM,2026-08-26,1060.5,1053.3,0.679,DOWN,19.274
TATACONSUM,2026-08-28,1042.0,1039.1,0.278,DOWN,18.812
TATACONSUM,2026-08-31,1040.7,1031.6,0.874,DOWN,18.29
TATACONSUM,2026-09-01,1037.5,1029.8,0.742,DOWN,18.162
TATACONSUM,2026-09-02,1030.5,1022.6,0.767,DOWN,17.736
TATACONSUM,2026-09-04,1019.2,1016.6,0.255,DOWN,17.783
TATACONSUM,2026-09-10,1001.0,1004.0,0.3,UP,16.472
TATACONSUM,2026-09-11,999.6,995.0,0.46,DOWN,16.159
TATASTEEL,2026-07-14,187.18,188.19,0.54,UP,3.554
TATASTEEL,2026-07-16,185.24,185.71,0.254,UP,3.567
TATASTEEL,2026-07-21,186.41,187.5,0.585,UP,3.266
TATASTEEL,2026-07-23,186.53,184.86,0.895,DOWN,3.167
TATASTEEL,2026-07-24,184.2,183.0,0.651,DOWN,3.154
TATASTEEL,2026-07-27,182.7,184.47,0.969,UP,3.143
TATASTEEL,2026-07-29,182.9,184.01,0.607,UP,3.062
TATASTEEL,2026-07-31,186.92,188.0,0.578,UP,3.177
TATASTEEL,2026-08-03,190.0,191.2,0.632,UP,3.341
TATASTEEL,2026-08-06,192.99,191.68,0.679,DOWN,3.253
TATASTEEL,2026-08-10,187.55,189.0,0.773,UP,3.26
TATASTEEL,2026-08-13,186.2,185.5,0.376,DOWN,3.509
TATASTEEL,2026-08-14,184.85,182.93,1.039,DOWN,3.451
TATASTEEL,2026-08-17,183.5,182.35,0.627,DOWN,3.551
TATASTEEL,2026-08-19,185.5,183.14,1.272,DOWN,3.542
TATASTEEL,2026-08-20,184.0,184.77,0.418,UP,3.504
TATASTEEL,2026-08-24,183.0,184.67,0.913,UP,3.381
TATASTEEL,2026-08-25,185.64,186.3,0.356,UP,3.364
TATASTEEL,2026-08-26,186.94,184.74,1.177,DOWN,3.389
TATASTEEL,2026-08-27,188.01,188.57,0.298,UP,3.519
TATASTEEL,2026-08-28,186.8,188.19,0.744,UP,3.52
TATASTEEL,2026-08-31,186.5,182.86,1.952,DOWN,3.588
TATASTEEL,2026-09-01,184.35,182.84,0.819,DOWN,3.696
TATASTEEL,2026-09-02,184.07,182.99,0.587,DOWN,3.865
TATASTEEL,2026-09-03,183.85,184.53,0.37,UP,3.761
TATASTEEL,2026-09-07,188.79,187.64,0.609,DOWN,4.122
TATASTEEL,2026-09-10,188.75,187.48,0.673,DOWN,4.227
TATASTEEL,2026-09-11,186.78,181.7,2.72,DOWN,4.181
TCS,2026-07-14,2181.5,2202.5,0.963,UP,63.843
TCS,2026-07-15,2197.0,2165.2,1.447,DOWN,62.518
TCS,2026-07-16,2187.5,2197.1,0.439,UP,62.06
TCS,2026-07-17,2201.0,2248.2,2.144,UP,60.741
TCS,2026-07-22,2220.0,2211.0,0.405,DOWN,57.776
TCS,2026-07-23,2208.3,2200.5,0.353,DOWN,55.485
TCS,2026-07-24,2242.9,2260.0,0.762,UP,55.521
TCS,2026-07-27,2252.0,2276.3,1.079,UP,54.841
TCS,2026-07-29,2398.0,2437.7,1.656,UP,60.108
TCS,2026-07-30,2440.0,2475.8,1.467,UP,61.1
TCS,2026-08-03,2366.6,2389.6,0.972,UP,64.046
TCS,2026-08-04,2473.7,2438.1,1.439,DOWN,67.121
TCS,2026-08-05,2460.0,2438.0,0.894,DOWN,64.949
TCS,2026-08-06,2413.0,2423.4,0.431,UP,64.024
TCS,2026-08-07,2373.0,2406.7,1.42,UP,63.558
TCS,2026-08-11,2425.7,2453.6,1.15,UP,63.827
TCS,2026-08-12,2445.7,2432.6,0.536,DOWN,61.261
TCS,2026-08-13,2349.7,2339.5,0.434,DOWN,67.163
TCS,2026-08-17,2361.0,2340.9,0.851,DOWN,63.408
TCS,2026-08-18,2313.2,2292.3,0.904,DOWN,62.45
TCS,2026-08-20,2289.0,2304.0,0.655,UP,58.592
TCS,2026-08-21,2298.0,2273.5,1.066,DOWN,56.428
TCS,2026-08-24,2302.0,2314.5,0.543,UP,55.476
TCS,2026-08-25,2284.1,2299.3,0.665,UP,54.364
TCS,2026-08-28,2248.4,2293.4,2.001,UP,50.679
TCS,2026-08-31,2342.0,2318.9,0.986,DOWN,54.195
TCS,2026-09-01,2399.3,2330.7,2.859,DOWN,56.974
TCS,2026-09-02,2369.0,2312.7,2.377,DOWN,57.854
TCS,2026-09-03,2348.0,2330.0,0.767,DOWN,58.365
TCS,2026-09-04,2320.1,2349.1,1.25,UP,56.474
TCS,2026-09-07,2304.0,2296.6,0.321,DOWN,55.883
TCS,2026-09-08,2270.0,2249.1,0.921,DOWN,55.027
TCS,2026-09-09,2255.5,2208.1,2.102,DOWN,52.961
TCS,2026-09-10,2208.0,2218.5,0.476,UP,53.592
TCS,2026-09-11,2204.1,2223.5,0.88,UP,52.721
TECHM,2026-07-14,1504.5,1511.5,0.465,UP,42.886
TECHM,2026-07-15,1484.0,1466.2,1.199,DOWN,42.672
TECHM,2026-07-16,1502.7,1514.3,0.772,UP,42.66
TECHM,2026-07-17,1513.0,1552.0,2.578,UP,42.134
TECHM,2026-07-20,1571.0,1601.5,1.941,UP,44.268
TECHM,2026-07-21,1575.4,1590.8,0.978,UP,43.741
TECHM,2026-07-22,1577.4,1560.0,1.103,DOWN,43.617
TECHM,2026-07-24,1555.8,1576.6,1.337,UP,40.669
TECHM,2026-07-27,1556.0,1576.4,1.311,UP,41.193
TECHM,2026-07-28,1577.0,1617.0,2.536,UP,41.365
TECHM,2026-07-29,1635.2,1656.8,1.321,UP,43.189
TECHM,2026-07-30,1644.4,1675.4,1.885,UP,42.79
TECHM,2026-07-31,1669.0,1629.5,2.367,DOWN,42.669
TECHM,2026-08-05,1648.5,1655.4,0.419,UP,39.487
TECHM,2026-08-06,1650.0,1662.8,0.776,UP,38.474
TECHM,2026-08-07,1634.8,1643.7,0.544,UP,38.483
TECHM,2026-08-10,1635.0,1658.7,1.45,UP,39.099
TECHM,2026-08-11,1640.0,1657.1,1.043,UP,38.777
TECHM,2026-08-12,1643.0,1656.3,0.809,UP,37.229
TECHM,2026-08-13,1625.0,1635.9,0.671,UP,37.027
TECHM,2026-08-17,1632.8,1626.6,0.38,DOWN,35.527
TECHM,2026-08-18,1610.0,1591.5,1.149,DOWN,35.032
TECHM,2026-08-20,1589.8,1597.4,0.478,UP,33.863
TECHM,2026-08-24,1584.0,1595.0,0.694,UP,32.397
TECHM,2026-08-25,1584.0,1579.1,0.309,DOWN,31.861
TECHM,2026-08-26,1599.9,1604.1,0.263,UP,32.293
TECHM,2026-08-27,1571.0,1588.0,1.082,UP,33.107
TECHM,2026-08-28,1585.0,1627.1,2.656,UP,32.743
TECHM,2026-08-31,1640.9,1620.7,1.231,DOWN,34.475
TECHM,2026-09-01,1628.0,1616.9,0.682,DOWN,34.277
TECHM,2026-09-02,1638.0,1611.1,1.642,DOWN,34.143
TECHM,2026-09-03,1623.0,1603.7,1.189,DOWN,34.097
TECHM,2026-09-04,1598.0,1620.7,1.421,UP,33.876
TECHM,2026-09-07,1596.9,1576.5,1.277,DOWN,33.928
TECHM,2026-09-08,1564.0,1545.5,1.183,DOWN,35.183
TECHM,2026-09-11,1525.8,1541.3,1.016,UP,36.664
TITAN,2026-07-16,4577.1,4588.9,0.258,UP,87.345
TITAN,2026-07-22,4689.9,4710.0,0.429,UP,78.812
TITAN,2026-07-24,4697.3,4669.4,0.594,DOWN,73.441
TITAN,2026-07-27,4690.0,4701.9,0.254,UP,71.581
TITAN,2026-07-29,4849.7,4836.0,0.282,DOWN,76.034
TITAN,2026-07-30,4850.2,4835.0,0.313,DOWN,73.017
TITAN,2026-08-04,5000.0,4884.0,2.32,DOWN,73.089
TITAN,2026-08-05,4935.0,4901.0,0.689,DOWN,77.597
TITAN,2026-08-06,4912.4,4947.5,0.715,UP,74.976
TITAN,2026-08-07,4998.0,4977.0,0.42,DOWN,76.142
TITAN,2026-08-10,4941.0,5003.7,1.269,UP,78.453
TITAN,2026-08-11,5090.0,5149.0,1.159,UP,85.706
TITAN,2026-08-12,5128.0,5098.7,0.571,DOWN,85.156
TITAN,2026-08-13,5099.0,5041.7,1.124,DOWN,88.788
TITAN,2026-08-18,5068.5,5089.9,0.422,UP,82.966
TITAN,2026-08-24,5086.1,5063.0,0.454,DOWN,75.15
TITAN,2026-08-31,5169.2,5121.4,0.925,DOWN,71.025
TITAN,2026-09-02,5050.0,4997.0,1.05,DOWN,73.484
TITAN,2026-09-03,5074.0,5050.5,0.463,DOWN,75.021
TITAN,2026-09-04,5027.0,5005.5,0.428,DOWN,78.341
TITAN,2026-09-10,5005.0,4989.0,0.32,DOWN,70.731
TITAN,2026-09-11,5021.0,4950.0,1.414,DOWN,68.679
ULTRACEMCO,2026-07-14,11571.0,11394.0,1.53,DOWN,192.429
ULTRACEMCO,2026-07-15,11458.0,11592.0,1.169,UP,193.755
ULTRACEMCO,2026-07-21,11903.0,12000.0,0.815,UP,205.839
ULTRACEMCO,2026-07-23,11893.0,11856.0,0.311,DOWN,209.131
ULTRACEMCO,2026-07-24,11908.0,11763.0,1.218,DOWN,202.622
ULTRACEMCO,2026-07-28,11881.0,11922.0,0.345,UP,199.526
ULTRACEMCO,2026-07-29,11970.0,12035.0,0.543,UP,198.917
ULTRACEMCO,2026-07-30,11989.0,11796.0,1.61,DOWN,193.137
ULTRACEMCO,2026-07-31,11847.0,11887.0,0.338,UP,196.413
ULTRACEMCO,2026-08-03,11863.0,11935.0,0.607,UP,196.955
ULTRACEMCO,2026-08-04,12054.0,11952.0,0.846,DOWN,196.53
ULTRACEMCO,2026-08-06,12190.0,12139.0,0.418,DOWN,194.37
ULTRACEMCO,2026-08-10,12105.0,12005.0,0.826,DOWN,189.171
ULTRACEMCO,2026-08-11,12038.0,11999.0,0.324,DOWN,185.302
ULTRACEMCO,2026-08-12,11780.0,11719.0,0.518,DOWN,194.066
ULTRACEMCO,2026-08-13,11891.0,11629.0,2.203,DOWN,197.418
ULTRACEMCO,2026-08-14,11706.0,11619.0,0.743,DOWN,206.246
ULTRACEMCO,2026-08-17,11619.0,11585.0,0.293,DOWN,199.514
ULTRACEMCO,2026-08-18,11681.0,11626.0,0.471,DOWN,196.334
ULTRACEMCO,2026-08-20,11450.0,11495.0,0.393,UP,188.645
ULTRACEMCO,2026-08-21,11575.0,11620.0,0.389,UP,190.385
ULTRACEMCO,2026-08-24,11570.0,11600.0,0.259,UP,183.5
ULTRACEMCO,2026-08-25,11544.0,11505.0,0.338,DOWN,178.965
ULTRACEMCO,2026-08-26,11540.0,11647.0,0.927,UP,173.896
ULTRACEMCO,2026-08-28,11717.0,11643.0,0.632,DOWN,178.441
ULTRACEMCO,2026-08-31,11589.0,11475.0,0.984,DOWN,179.195
ULTRACEMCO,2026-09-01,11450.0,11514.0,0.559,UP,178.038
ULTRACEMCO,2026-09-02,11400.0,11279.0,1.061,DOWN,175.25
ULTRACEMCO,2026-09-04,11275.0,11326.0,0.452,UP,175.986
ULTRACEMCO,2026-09-07,11408.0,11290.0,1.034,DOWN,173.987
ULTRACEMCO,2026-09-08,11175.0,11130.0,0.403,DOWN,178.202
ULTRACEMCO,2026-09-09,11009.0,10963.0,0.418,DOWN,178.33
ULTRACEMCO,2026-09-11,10979.0,10803.0,1.603,DOWN,172.009
WIPRO,2026-07-14,178.32,179.66,0.751,UP,3.701
WIPRO,2026-07-15,176.89,175.12,1.001,DOWN,3.708
WIPRO,2026-07-16,174.6,177.5,1.661,UP,3.614
WIPRO,2026-07-17,177.69,174.5,1.795,DOWN,3.598
WIPRO,2026-07-20,175.9,176.93,0.586,UP,3.633
WIPRO,2026-07-22,174.9,174.23,0.383,DOWN,3.445
WIPRO,2026-07-27,176.89,176.12,0.435,DOWN,3.332
WIPRO,2026-07-28,178.37,180.1,0.97,UP,3.32
WIPRO,2026-07-29,181.05,182.34,0.713,UP,3.32
WIPRO,2026-07-30,183.25,186.54,1.795,UP,3.418
WIPRO,2026-07-31,186.41,181.02,2.891,DOWN,3.752
WIPRO,2026-08-03,183.42,184.4,0.534,UP,3.88
WIPRO,2026-08-04,188.66,187.4,0.668,DOWN,4.01
WIPRO,2026-08-05,186.3,187.69,0.746,UP,3.892
WIPRO,2026-08-11,185.5,187.09,0.857,UP,3.508
WIPRO,2026-08-12,184.6,183.34,0.683,DOWN,3.541
WIPRO,2026-08-13,183.94,182.97,0.527,DOWN,3.48
WIPRO,2026-08-14,183.1,183.96,0.47,UP,3.39
WIPRO,2026-08-17,184.0,182.28,0.935,DOWN,3.342
WIPRO,2026-08-18,181.9,179.6,1.264,DOWN,3.318
WIPRO,2026-08-19,178.06,178.78,0.404,UP,3.355
WIPRO,2026-08-20,179.55,180.95,0.78,UP,3.245
WIPRO,2026-08-24,180.79,182.05,0.697,UP,3.101
WIPRO,2026-08-25,181.31,180.69,0.342,DOWN,3.114
WIPRO,2026-08-27,177.35,177.96,0.344,UP,3.165
WIPRO,2026-08-28,177.5,178.9,0.789,UP,3.041
WIPRO,2026-08-31,180.95,177.88,1.697,DOWN,3.129
WIPRO,2026-09-01,184.5,179.57,2.672,DOWN,3.5
WIPRO,2026-09-02,181.7,177.54,2.289,DOWN,3.608
WIPRO,2026-09-04,175.72,177.91,1.246,UP,3.585
WIPRO,2026-09-07,176.4,174.81,0.901,DOWN,3.542
WIPRO,2026-09-08,172.8,172.15,0.376,DOWN,3.557
WIPRO,2026-09-09,171.5,168.39,1.813,DOWN,3.418
WIPRO,2026-09-10,167.0,167.77,0.461,UP,3.495
WIPRO,2026-09-11,166.3,167.01,0.427,UP,3.472
